category,instance,parameter_set,run,seed,population_size,generations,crossover_probability,mutation_probability,reference_optimum,best_makespan,final_makespan,gap_percent,elapsed_seconds,time_to_best_seconds,convergence_generation,unique_evaluations,early_improvement_percent,late_improvement_percent
small,la01,reference,1,0,50,150,0.8,0.1,666,667,667,0.15015015015014122,0.451344388000507,0.14201680200039846,45,6086,8.367626886145406,0.0
small,la01,reference,2,1,50,150,0.8,0.1,666,666,666,0.0,0.3514972110006056,0.0732717959999718,24,5999,6.197183098591549,0.0
small,la01,reference,3,2,50,150,0.8,0.1,666,666,666,0.0,0.31089736899957643,0.03086458500001754,13,6131,10.843373493975903,0.0
small,la01,reference,4,3,50,150,0.8,0.1,666,666,666,0.0,0.3097953589995086,0.04020435499933228,18,5964,8.641975308641975,0.0
small,la01,reference,5,4,50,150,0.8,0.1,666,666,670,0.0,0.34010887800013734,0.08586532099980104,32,6079,8.011049723756907,0.0
small,la01,reference,6,5,50,150,0.8,0.1,666,666,666,0.0,0.32681702299942117,0.2052195539999957,95,5978,10.094212651413189,0.0
small,la01,reference,7,6,50,150,0.8,0.1,666,666,666,0.0,0.3192585210008474,0.0697020910001811,30,5965,9.140518417462483,0.0
small,la01,reference,8,7,50,150,0.8,0.1,666,666,666,0.0,0.3124006019997978,0.05502921700008301,25,6114,8.264462809917354,0.0
small,la01,reference,9,8,50,150,0.8,0.1,666,666,666,0.0,0.32164649500009546,0.035329601000739785,15,6044,9.75609756097561,0.0
small,la01,reference,10,9,50,150,0.8,0.1,666,666,675,0.0,0.32286487900000793,0.07434285499948601,32,6009,12.021136063408191,0.0
small,la01,reference,11,10,50,150,0.8,0.1,666,666,666,0.0,0.3121238200001244,0.05324674599978607,24,6080,8.264462809917354,0.0
small,la01,reference,12,11,50,150,0.8,0.1,666,666,666,0.0,0.31981168299989804,0.046585989000050176,20,5965,7.8838174273858925,0.0
small,la01,reference,13,12,50,150,0.8,0.1,666,666,666,0.0,0.3200064350003231,0.0405451289998382,18,6054,8.390646492434662,0.0
small,la01,reference,14,13,50,150,0.8,0.1,666,666,666,0.0,0.30957177200070873,0.03623684500053059,15,6067,8.264462809917354,0.0
small,la01,reference,15,14,50,150,0.8,0.1,666,666,675,0.0,0.3085159909996946,0.10739236399967922,51,6026,10.307898259705489,0.0
small,la01,reference,16,15,50,150,0.8,0.1,666,666,666,0.0,0.3072192300005554,0.040257738000036625,18,5895,9.51086956521739,0.0
small,la01,reference,17,16,50,150,0.8,0.1,666,666,666,0.0,0.32152633699934086,0.239942102999521,111,6013,7.489597780859917,0.0
small,la01,reference,18,17,50,150,0.8,0.1,666,667,668,0.15015015015014122,0.32505194199984544,0.08373003500037157,36,5973,9.986504723346828,0.0
small,la01,reference,19,18,50,150,0.8,0.1,666,666,666,0.0,0.31899802299994917,0.23613843300063309,110,6035,9.72972972972973,0.0
small,la01,reference,20,19,50,150,0.8,0.1,666,666,666,0.0,0.3202437190002456,0.14618110399987927,68,5986,9.742895805142084,0.0
small,la01,reference,21,20,50,150,0.8,0.1,666,675,675,1.3513513513513598,0.32220419900022534,0.07737447500039707,35,6043,4.929577464788732,0.0
small,la01,reference,22,21,50,150,0.8,0.1,666,666,666,0.0,0.3179980329996397,0.052321604999633564,23,6116,4.034582132564841,0.0
small,la01,reference,23,22,50,150,0.8,0.1,666,666,666,0.0,0.32271956500062515,0.04104265400019358,18,6084,10.0,0.0
small,la01,reference,24,23,50,150,0.8,0.1,666,666,670,0.0,0.3198041480000029,0.03637455899934139,16,6053,10.843373493975903,0.0
small,la01,reference,25,24,50,150,0.8,0.1,666,666,666,0.0,0.32286433199988096,0.024557658000048832,10,6003,7.5,0.0
small,la01,reference,26,25,50,150,0.8,0.1,666,666,666,0.0,0.32409934000042995,0.04410522200032574,19,6062,5.3977272727272725,0.0
small,la01,reference,27,26,50,150,0.8,0.1,666,666,666,0.0,0.3178351639999164,0.07762500100034231,35,5936,8.390646492434662,0.0
small,la01,reference,28,27,50,150,0.8,0.1,666,666,670,0.0,0.3271404369997981,0.05672128399965004,24,6066,5.128205128205129,0.0
small,la01,reference,29,28,50,150,0.8,0.1,666,667,667,0.15015015015014122,0.3241716689999521,0.14598857999953907,67,6049,8.867667121418826,0.0
small,la01,reference,30,29,50,150,0.8,0.1,666,666,666,0.0,0.32981819799988443,0.05372757900022407,23,6084,11.081441922563418,0.0
small,la01,smaller_population,1,0,20,150,0.8,0.1,666,678,692,1.8018018018018056,0.12157695200039598,0.06915564900009485,84,2267,5.075445816186557,0.0
small,la01,smaller_population,2,1,20,150,0.8,0.1,666,678,678,1.8018018018018056,0.12878868099960528,0.008452672999737842,9,2382,10.671936758893281,0.0
small,la01,smaller_population,3,2,20,150,0.8,0.1,666,670,670,0.6006006006006093,0.1257462889998351,0.02099512099994172,24,2333,10.307898259705489,0.0
small,la01,smaller_population,4,3,20,150,0.8,0.1,666,666,666,0.0,0.12487228299960407,0.03702171399982035,43,2333,7.956104252400548,0.0
small,la01,smaller_population,5,4,20,150,0.8,0.1,666,697,710,4.654654654654644,0.1263590420003311,0.016419657000369625,18,2323,9.597924773022049,0.0
small,la01,smaller_population,6,5,20,150,0.8,0.1,666,700,711,5.105105105105112,0.12109126200084575,0.009046427000612312,10,2233,10.371318822023047,0.0
small,la01,smaller_population,7,6,20,150,0.8,0.1,666,686,690,3.003003003003002,0.12127529200006393,0.016023029999814753,18,2224,7.422402159244265,0.0
small,la01,smaller_population,8,7,20,150,0.8,0.1,666,670,670,0.6006006006006093,0.12813313500009826,0.013579137000306218,14,2359,7.7134986225895315,0.0
small,la01,smaller_population,9,8,20,150,0.8,0.1,666,668,668,0.30030030030030463,0.12072309399991354,0.04437830400001985,53,2302,5.9620596205962055,0.0
small,la01,smaller_population,10,9,20,150,0.8,0.1,666,666,673,0.0,0.1196341510003549,0.02086567600053968,24,2243,12.021136063408191,0.0
small,la01,smaller_population,11,10,20,150,0.8,0.1,666,676,676,1.501501501501501,0.10906534300011117,0.04513593300089269,53,1977,5.234159779614325,0.0
small,la01,smaller_population,12,11,20,150,0.8,0.1,666,666,666,0.0,0.12004384099964227,0.11603006899986212,145,2182,7.607192254495159,0.14992503748125938
small,la01,smaller_population,13,12,20,150,0.8,0.1,666,682,682,2.4024024024023927,0.11025403800067579,0.023404565000419097,27,1939,9.428950863213812,0.0
small,la01,smaller_population,14,13,20,150,0.8,0.1,666,666,666,0.0,0.12543512000047485,0.02709533500001271,29,2288,10.483870967741936,0.0
small,la01,smaller_population,15,14,20,150,0.8,0.1,666,666,666,0.0,0.10308385900043504,0.021379865999733738,24,1740,10.843373493975903,0.0
small,la01,smaller_population,16,15,20,150,0.8,0.1,666,666,666,0.0,0.12731608800004324,0.029507150999961596,31,2340,14.064516129032258,0.0
small,la01,smaller_population,17,16,20,150,0.8,0.1,666,678,678,1.8018018018018056,0.12202574799994181,0.006182157000694133,6,2330,11.372549019607844,0.0
small,la01,smaller_population,18,17,20,150,0.8,0.1,666,703,703,5.555555555555558,0.11725197399937315,0.09226803399997152,115,2217,4.993252361673414,0.14204545454545456
small,la01,smaller_population,19,18,20,150,0.8,0.1,666,676,676,1.501501501501501,0.12460501100031252,0.018046529000457667,18,2286,10.817941952506596,0.0
small,la01,smaller_population,20,19,20,150,0.8,0.1,666,675,675,1.3513513513513598,0.12237131199981377,0.06661077699936868,80,2336,8.254397834912043,0.0
small,la01,smaller_population,21,20,20,150,0.8,0.1,666,670,670,0.6006006006006093,0.12063517900060106,0.09377260400015075,116,2290,8.71313672922252,1.6152716593245227
small,la01,smaller_population,22,21,20,150,0.8,0.1,666,689,689,3.453453453453448,0.12120399400009774,0.03786956800013286,45,2291,0.0,0.0
small,la01,smaller_population,23,22,20,150,0.8,0.1,666,690,706,3.603603603603611,0.1225660540003446,0.013587444000222604,15,2316,9.329829172141919,0.0
small,la01,smaller_population,24,23,20,150,0.8,0.1,666,666,666,0.0,0.12486503400032234,0.026851878000343277,29,2264,10.962566844919786,0.0
small,la01,smaller_population,25,24,20,150,0.8,0.1,666,666,688,0.0,0.11869356599981984,0.021308602000317478,23,2147,7.5,0.0
small,la01,smaller_population,26,25,20,150,0.8,0.1,666,666,666,0.0,0.11907238000003417,0.1104843390003225,140,2150,2.272727272727273,2.202643171806167
small,la01,smaller_population,27,26,20,150,0.8,0.1,666,666,666,0.0,0.12675673000012466,0.02035028499994951,22,2374,8.390646492434662,0.0
small,la01,smaller_population,28,27,20,150,0.8,0.1,666,666,666,0.0,0.1330445730000065,0.015855576000831206,17,2161,11.788079470198676,0.0
small,la01,smaller_population,29,28,20,150,0.8,0.1,666,687,697,3.153153153153143,0.12486384499970882,0.06654900499961514,79,2294,4.911323328785811,0.0
small,la01,smaller_population,30,29,20,150,0.8,0.1,666,666,666,0.0,0.12063751300047443,0.00679609500002698,7,2181,11.081441922563418,0.0
small,la01,lower_mutation,1,0,50,150,0.8,0.05,666,666,666,0.0,0.3140227359999699,0.03828993299975991,17,6034,8.641975308641975,0.0
small,la01,lower_mutation,2,1,50,150,0.8,0.05,666,666,666,0.0,0.3054085430003397,0.044087320000471664,20,5876,6.197183098591549,0.0
small,la01,lower_mutation,3,2,50,150,0.8,0.05,666,666,666,0.0,0.3138030179998168,0.0441276960000323,20,6063,10.843373493975903,0.0
small,la01,lower_mutation,4,3,50,150,0.8,0.05,666,666,666,0.0,0.3109933269997782,0.04376313099965046,20,5957,8.641975308641975,0.0
small,la01,lower_mutation,5,4,50,150,0.8,0.05,666,666,666,0.0,0.31411522700000205,0.0622715679992325,29,6034,8.011049723756907,0.0
small,la01,lower_mutation,6,5,50,150,0.8,0.05,666,666,666,0.0,0.31191715600016323,0.04259817500042118,19,5964,10.363391655450874,0.0
small,la01,lower_mutation,7,6,50,150,0.8,0.05,666,666,666,0.0,0.32064884299961705,0.08095458299976599,38,5950,8.867667121418826,0.0
small,la01,lower_mutation,8,7,50,150,0.8,0.05,666,666,666,0.0,0.3214978380001412,0.034662068000216095,13,5982,8.264462809917354,0.0
small,la01,lower_mutation,9,8,50,150,0.8,0.05,666,666,666,0.0,0.5224509089994172,0.06764262999968196,30,5933,9.75609756097561,0.0
small,la01,lower_mutation,10,9,50,150,0.8,0.05,666,666,666,0.0,0.867588120999244,0.551687096999558,35,5922,12.021136063408191,0.0
small,la01,lower_mutation,11,10,50,150,0.8,0.05,666,666,674,0.0,0.33778191700002935,0.20775619999949413,91,6045,7.851239669421488,0.0
small,la01,lower_mutation,12,11,50,150,0.8,0.05,666,666,666,0.0,0.3154520429998229,0.0485570259997985,20,5992,7.8838174273858925,0.0
small,la01,lower_mutation,13,12,50,150,0.8,0.05,666,666,666,0.0,0.3147288540003501,0.05499210800007859,24,5923,8.390646492434662,0.0
small,la01,lower_mutation,14,13,50,150,0.8,0.05,666,666,666,0.0,0.32353771299949585,0.03378923099990061,12,5931,8.264462809917354,0.0
small,la01,lower_mutation,15,14,50,150,0.8,0.05,666,666,666,0.0,0.3254709050006568,0.06280586200045946,26,5969,10.843373493975903,0.0
small,la01,lower_mutation,16,15,50,150,0.8,0.05,666,667,667,0.15015015015014122,0.3181891349995567,0.1060630449992459,47,5856,9.23913043478261,0.0
small,la01,lower_mutation,17,16,50,150,0.8,0.05,666,666,666,0.0,0.330048693000208,0.0585035379999681,23,5983,7.6282940360610265,0.0
small,la01,lower_mutation,18,17,50,150,0.8,0.05,666,667,678,0.15015015015014122,0.33516913399944315,0.30725568999969255,137,5901,8.502024291497976,1.6224188790560472
small,la01,lower_mutation,19,18,50,150,0.8,0.05,666,666,666,0.0,0.3338806929996281,0.04115172499950859,17,5989,10.0,0.0
small,la01,lower_mutation,20,19,50,150,0.8,0.05,666,666,666,0.0,0.32219562900081655,0.07715562700013834,33,5961,9.878213802435724,0.0
small,la01,lower_mutation,21,20,50,150,0.8,0.05,666,666,666,0.0,0.3188931140002751,0.042438965000656026,19,5925,6.197183098591549,0.0
small,la01,lower_mutation,22,21,50,150,0.8,0.05,666,666,667,0.0,0.31198659999972733,0.08189017399945442,37,6002,4.034582132564841,0.0
small,la01,lower_mutation,23,22,50,150,0.8,0.05,666,666,666,0.0,0.31794190499931574,0.10645959999965271,49,5977,9.864864864864865,0.0
small,la01,lower_mutation,24,23,50,150,0.8,0.05,666,666,666,0.0,0.3266592740001215,0.04572120700049709,21,6021,10.843373493975903,0.0
small,la01,lower_mutation,25,24,50,150,0.8,0.05,666,666,667,0.0,0.32863884000016697,0.19770247999986168,88,6007,7.361111111111111,0.0
small,la01,lower_mutation,26,25,50,150,0.8,0.05,666,666,666,0.0,0.3258624449999843,0.05047002799983602,21,5965,5.3977272727272725,0.0
small,la01,lower_mutation,27,26,50,150,0.8,0.05,666,666,666,0.0,0.31489577400043345,0.03799055600029533,17,5976,8.390646492434662,0.0
small,la01,lower_mutation,28,27,50,150,0.8,0.05,666,666,675,0.0,0.3299057959993661,0.09436838799956604,41,5952,4.273504273504273,0.0
small,la01,lower_mutation,29,28,50,150,0.8,0.05,666,666,666,0.0,0.32848197400016943,0.011648204999801237,4,5952,9.140518417462483,0.0
small,la01,lower_mutation,30,29,50,150,0.8,0.05,666,667,667,0.15015015015014122,0.34838439600025595,0.06507626100028574,28,5963,10.947930574098798,0.0
small,la02,reference,1,0,50,150,0.8,0.1,655,676,676,3.2061068702289974,0.3336795670002175,0.10479699400002573,45,6118,13.503184713375797,0.0
small,la02,reference,2,1,50,150,0.8,0.1,655,683,683,4.274809160305337,0.323299605000102,0.04936561900012748,20,6008,8.56760374832664,0.0
small,la02,reference,3,2,50,150,0.8,0.1,655,672,677,2.595419847328251,0.32545482700061257,0.18004177200054983,82,6091,11.24031007751938,0.0
small,la02,reference,4,3,50,150,0.8,0.1,655,672,672,2.595419847328251,0.30838450100054615,0.2522323299999698,122,5995,6.964520367936925,1.0309278350515463
small,la02,reference,5,4,50,150,0.8,0.1,655,676,676,3.2061068702289974,0.3114435030001914,0.13125210700036405,63,6042,6.048387096774194,0.0
small,la02,reference,6,5,50,150,0.8,0.1,655,668,671,1.984732824427482,0.3226629099999627,0.08641085799990833,40,5951,13.513513513513514,0.0
small,la02,reference,7,6,50,150,0.8,0.1,655,669,669,2.1374045801526798,0.3285089720002361,0.32169034399976226,147,5996,12.27154046997389,0.29806259314456035
small,la02,reference,8,7,50,150,0.8,0.1,655,663,663,1.2213740458015376,0.31311183999969217,0.13069156300025497,61,6063,11.082138200782268,0.0
small,la02,reference,9,8,50,150,0.8,0.1,655,672,672,2.595419847328251,0.3213993159997699,0.11419715699958033,52,6039,10.817941952506596,0.0
small,la02,reference,10,9,50,150,0.8,0.1,655,681,686,3.969465648854964,0.3233004900002925,0.05718882200017106,25,6015,13.358778625954198,0.0
small,la02,reference,11,10,50,150,0.8,0.1,655,671,671,2.442748091603053,0.3277441149994047,0.08413438800016593,37,6065,10.77127659574468,0.0
small,la02,reference,12,11,50,150,0.8,0.1,655,670,670,2.2900763358778553,0.31441315800020675,0.12548787600007927,60,5926,11.948051948051948,0.0
small,la02,reference,13,12,50,150,0.8,0.1,655,663,665,1.2213740458015376,0.3207935720001842,0.09922748400003911,45,6051,8.469945355191257,0.0
small,la02,reference,14,13,50,150,0.8,0.1,655,679,679,3.6641221374045907,0.3239356969997971,0.22665808799956721,105,6044,6.191117092866756,0.0
small,la02,reference,15,14,50,150,0.8,0.1,655,667,671,1.8320610687022842,0.3259496239998043,0.07686329999978625,34,6016,12.924281984334204,0.0
small,la02,reference,16,15,50,150,0.8,0.1,655,695,696,6.106870229007644,0.31831278200024826,0.056363472000157344,25,5925,10.20671834625323,0.0
small,la02,reference,17,16,50,150,0.8,0.1,655,674,674,2.900763358778624,0.3414013339997837,0.2748051789994861,120,5990,8.651399491094148,0.4431314623338257
small,la02,reference,18,17,50,150,0.8,0.1,655,661,661,0.9160305343511421,0.32594120999965526,0.10143857599996409,45,5977,13.099870298313878,0.0
small,la02,reference,19,18,50,150,0.8,0.1,655,690,697,5.343511450381677,0.3367034769999009,0.2698164060002455,120,6046,12.515802781289507,0.28901734104046245
small,la02,reference,20,19,50,150,0.8,0.1,655,667,682,1.8320610687022842,0.3208218649997434,0.3116757480001979,146,5990,12.262958280657395,0.29895366218236175
small,la02,reference,21,20,50,150,0.8,0.1,655,685,686,4.580152671755733,0.32638523300011,0.2274143450003976,103,6067,8.129032258064516,0.0
small,la02,reference,22,21,50,150,0.8,0.1,655,678,688,3.511450381679393,0.32422988300004363,0.08523627900012798,38,6120,11.458333333333334,0.0
small,la02,reference,23,22,50,150,0.8,0.1,655,671,671,2.442748091603053,0.3205201370001305,0.0670449870003722,29,6090,11.477572559366754,0.0
small,la02,reference,24,23,50,150,0.8,0.1,655,679,687,3.6641221374045907,0.3197113959995477,0.1533132000004116,70,6062,6.530612244897959,0.0
small,la02,reference,25,24,50,150,0.8,0.1,655,671,679,2.442748091603053,0.31988353399992775,0.17300424800032488,80,6028,13.757961783439491,0.0
small,la02,reference,26,25,50,150,0.8,0.1,655,683,683,4.274809160305337,0.3240670909999608,0.09855998200055183,44,6059,10.765239948119326,0.0
small,la02,reference,27,26,50,150,0.8,0.1,655,677,677,3.358778625954195,0.31014125799993053,0.10734509400026582,50,5966,10.852713178294573,0.0
small,la02,reference,28,27,50,150,0.8,0.1,655,670,680,2.2900763358778553,0.31561200200030726,0.11378367300039827,52,6081,10.44973544973545,0.0
small,la02,reference,29,28,50,150,0.8,0.1,655,687,695,4.885496183206106,0.32148774200049957,0.20786081900041609,97,5975,8.235294117647058,0.0
small,la02,reference,30,29,50,150,0.8,0.1,655,665,672,1.526717557251911,0.32876469799975894,0.3129377309996926,143,6046,12.595419847328245,1.0416666666666667
small,la02,smaller_population,1,0,20,150,0.8,0.1,655,705,705,7.6335877862595325,0.1172392549997312,0.0698889790000976,85,2190,10.253164556962025,0.0
small,la02,smaller_population,2,1,20,150,0.8,0.1,655,727,729,10.99236641221375,0.12738760799948068,0.011763350999899558,13,2371,7.388535031847134,0.0
small,la02,smaller_population,3,2,20,150,0.8,0.1,655,677,681,3.358778625954195,0.11968668600002275,0.040519789999962086,47,2157,7.881136950904393,0.0
small,la02,smaller_population,4,3,20,150,0.8,0.1,655,739,744,12.824427480916034,0.10416609399999288,0.009460792999561818,10,1780,9.547123623011016,0.0
small,la02,smaller_population,5,4,20,150,0.8,0.1,655,707,707,7.938931297709928,0.12559092399988003,0.029851311999664176,34,2286,4.973118279569892,0.0
small,la02,smaller_population,6,5,20,150,0.8,0.1,655,691,691,5.496183206106875,0.10855627199998708,0.054761448000135715,75,1940,11.366538952745849,0.0
small,la02,smaller_population,7,6,20,150,0.8,0.1,655,724,724,10.53435114503818,0.12394861499979015,0.04734908800037374,58,2294,10.635696821515893,0.0
small,la02,smaller_population,8,7,20,150,0.8,0.1,655,713,713,8.85496183206107,0.12224097399939637,0.04927164699984132,59,2237,6.282051282051282,0.0
small,la02,smaller_population,9,8,20,150,0.8,0.1,655,721,721,10.076335877862586,0.12023289699936868,0.03250892100004421,36,2170,10.656753407682777,0.0
small,la02,smaller_population,10,9,20,150,0.8,0.1,655,749,749,14.351145038167946,0.1241302620001079,0.009882350999760092,12,2291,6.491885143570537,0.0
small,la02,smaller_population,11,10,20,150,0.8,0.1,655,680,680,3.8167938931297662,0.1251123230003941,0.09516245800023171,114,2246,13.62530413625304,1.7341040462427746
small,la02,smaller_population,12,11,20,150,0.8,0.1,655,685,685,4.580152671755733,0.12412551200031885,0.026820810000572237,29,2242,11.03896103896104,0.0
small,la02,smaller_population,13,12,20,150,0.8,0.1,655,701,701,7.022900763358786,0.12536288399951445,0.11430609800027014,134,2272,9.311224489795919,1.4064697609001406
small,la02,smaller_population,14,13,20,150,0.8,0.1,655,713,725,8.85496183206107,0.12745406700014428,0.03657491200010554,42,2312,9.798994974874372,0.0
small,la02,smaller_population,15,14,20,150,0.8,0.1,655,720,731,9.92366412213741,0.1254626339996321,0.11099535599987576,133,2275,4.569190600522194,1.5047879616963065
small,la02,smaller_population,16,15,20,150,0.8,0.1,655,707,707,7.938931297709928,0.1218906229996719,0.015286650999769336,17,2192,10.844892812105927,0.0
small,la02,smaller_population,17,16,20,150,0.8,0.1,655,720,722,9.92366412213741,0.1179884890007088,0.10466715100028523,129,2084,4.828462515883101,0.2770083102493075
small,la02,smaller_population,18,17,20,150,0.8,0.1,655,686,686,4.732824427480908,0.12686265199954505,0.01819126200007304,20,2281,12.611464968152866,0.0
small,la02,smaller_population,19,18,20,150,0.8,0.1,655,717,717,9.465648854961838,0.1339496330001566,0.03585765200023161,36,2310,9.697732997481108,0.0
small,la02,smaller_population,20,19,20,150,0.8,0.1,655,717,730,9.465648854961838,0.11290719099997659,0.042643009000130405,47,1962,8.09102402022756,0.0
small,la02,smaller_population,21,20,20,150,0.8,0.1,655,663,663,1.2213740458015376,0.1112874450000163,0.014540897000188124,17,2074,15.217391304347826,0.0
small,la02,smaller_population,22,21,20,150,0.8,0.1,655,746,746,13.893129770992374,0.12508972000068752,0.0191946970007848,21,2304,2.8645833333333335,0.0
small,la02,smaller_population,23,22,20,150,0.8,0.1,655,716,732,9.31297709923664,0.12663227899975027,0.10791614200024924,127,2289,7.320099255583126,3.1123139377537212
small,la02,smaller_population,24,23,20,150,0.8,0.1,655,714,736,9.007633587786268,0.12756207099937455,0.06960868399983156,80,2303,2.6881720430107525,0.0
small,la02,smaller_population,25,24,20,150,0.8,0.1,655,694,694,5.954198473282446,0.1249008690001574,0.05698320099963894,64,2229,11.524163568773234,0.0
small,la02,smaller_population,26,25,20,150,0.8,0.1,655,688,699,5.038167938931304,0.12431543300044723,0.10468018000028678,127,2359,9.33852140077821,1.5736766809728182
small,la02,smaller_population,27,26,20,150,0.8,0.1,655,690,690,5.343511450381677,0.11965807200067502,0.06207993499992881,73,2221,10.64638783269962,0.0
small,la02,smaller_population,28,27,20,150,0.8,0.1,655,684,686,4.427480916030535,0.12716542399994069,0.08971416300028068,105,2286,10.201511335012594,0.0
small,la02,smaller_population,29,28,20,150,0.8,0.1,655,717,717,9.465648854961838,0.12363262199960445,0.025003923999975086,29,2262,6.2745098039215685,0.0
small,la02,smaller_population,30,29,20,150,0.8,0.1,655,701,701,7.022900763358786,0.10994435100019473,0.10211875000004511,140,1889,9.541984732824428,1.4064697609001406
small,la02,lower_mutation,1,0,50,150,0.8,0.05,655,669,669,2.1374045801526798,0.31671711999933905,0.1534981559998414,73,6034,12.229299363057326,0.0
small,la02,lower_mutation,2,1,50,150,0.8,0.05,655,670,671,2.2900763358778553,0.31553787299981195,0.21332653100034804,98,5846,8.433734939759036,0.0
small,la02,lower_mutation,3,2,50,150,0.8,0.05,655,665,671,1.526717557251911,0.32795551900017017,0.0890408249997563,40,6080,12.919896640826874,0.0
small,la02,lower_mutation,4,3,50,150,0.8,0.05,655,669,669,2.1374045801526798,0.33812520199990104,0.09779504499965697,44,5935,11.432325886990801,0.0
small,la02,lower_mutation,5,4,50,150,0.8,0.05,655,665,665,1.526717557251911,0.3372974419999082,0.2673111999993125,118,6007,8.333333333333334,0.8941877794336811
small,la02,lower_mutation,6,5,50,150,0.8,0.05,655,669,681,2.1374045801526798,0.3333323950000704,0.14741333099937037,65,5959,12.355212355212355,0.0
small,la02,lower_mutation,7,6,50,150,0.8,0.05,655,679,689,3.6641221374045907,0.3236423999996987,0.09656358099982754,42,5953,9.921671018276763,0.0
small,la02,lower_mutation,8,7,50,150,0.8,0.05,655,676,681,3.2061068702289974,0.35041440700024395,0.037243413000396686,13,5967,11.864406779661017,0.0
small,la02,lower_mutation,9,8,50,150,0.8,0.05,655,672,679,2.595419847328251,0.33334416399975453,0.09806810699956259,41,5916,9.234828496042216,0.0
small,la02,lower_mutation,10,9,50,150,0.8,0.05,655,694,694,5.954198473282446,0.5133398469997701,0.08251785700031178,37,5885,11.704834605597965,0.0
small,la02,lower_mutation,11,10,50,150,0.8,0.05,655,677,678,3.358778625954195,0.37612593499943614,0.07915603199944599,25,6079,9.97340425531915,0.0
small,la02,lower_mutation,12,11,50,150,0.8,0.05,655,662,662,1.0687022900763399,0.47692519999964134,0.19546521699976438,63,5857,12.337662337662337,0.0
small,la02,lower_mutation,13,12,50,150,0.8,0.05,655,705,705,7.6335877862595325,0.3767587510001249,0.06873811799960095,21,5877,3.6885245901639343,0.0
small,la02,lower_mutation,14,13,50,150,0.8,0.05,655,705,705,7.6335877862595325,0.4963287490008952,0.12808671800030424,53,5934,2.4226110363391657,0.0
small,la02,lower_mutation,15,14,50,150,0.8,0.05,655,667,667,1.8320610687022842,0.3542746189996251,0.2996890770000391,126,5964,9.921671018276763,1.6224188790560472
small,la02,lower_mutation,16,15,50,150,0.8,0.05,655,667,667,1.8320610687022842,0.3260977579993778,0.18240740799956257,80,5863,11.11111111111111,0.0
small,la02,lower_mutation,17,16,50,150,0.8,0.05,655,676,676,3.2061068702289974,0.3298407259999294,0.1373146949999864,61,5999,13.104325699745548,0.0
small,la02,lower_mutation,18,17,50,150,0.8,0.05,655,666,679,1.6793893129771087,0.32008300100005727,0.13106487200002448,61,5938,9.597924773022049,0.0
small,la02,lower_mutation,19,18,50,150,0.8,0.05,655,700,705,6.870229007633588,0.35291839000001346,0.06378028899962374,25,5989,11.504424778761061,0.0
small,la02,lower_mutation,20,19,50,150,0.8,0.05,655,708,709,8.091603053435104,0.3354206499998327,0.10062821899919072,43,5974,9.734513274336283,0.0
small,la02,lower_mutation,21,20,50,150,0.8,0.05,655,702,702,7.175572519083961,0.317739975999757,0.050792654000360926,22,5918,9.419354838709678,0.0
small,la02,lower_mutation,22,21,50,150,0.8,0.05,655,672,672,2.595419847328251,0.3265808639998795,0.08250822700028948,36,5982,12.5,0.0
small,la02,lower_mutation,23,22,50,150,0.8,0.05,655,677,677,3.358778625954195,0.31999264100068103,0.1437496349999492,64,5982,7.255936675461742,0.0
small,la02,lower_mutation,24,23,50,150,0.8,0.05,655,658,658,0.45801526717557106,0.4980048750003334,0.3429159150000487,85,6013,7.346938775510204,0.0
small,la02,lower_mutation,25,24,50,150,0.8,0.05,655,685,685,4.580152671755733,0.3233305929998096,0.05751384799987136,25,5979,12.738853503184714,0.0
small,la02,lower_mutation,26,25,50,150,0.8,0.05,655,676,677,3.2061068702289974,0.3196504970001115,0.10066496899980848,46,5924,12.062256809338521,0.0
small,la02,lower_mutation,27,26,50,150,0.8,0.05,655,672,672,2.595419847328251,0.3311014439996143,0.141037311999753,64,5969,11.369509043927648,0.0
small,la02,lower_mutation,28,27,50,150,0.8,0.05,655,681,681,3.969465648854964,0.6553985040000043,0.09982063000006747,41,5941,9.656084656084657,0.0
small,la02,lower_mutation,29,28,50,150,0.8,0.05,655,684,688,4.427480916030535,0.32265233300040563,0.04821337300018058,21,5936,10.588235294117647,0.0
small,la02,lower_mutation,30,29,50,150,0.8,0.05,655,669,669,2.1374045801526798,0.32426375999966695,0.2696818659997007,125,5955,13.231552162849873,0.8888888888888888
medium,la16,reference,1,0,50,150,0.8,0.1,945,987,1001,4.444444444444451,0.5967171020001842,0.05403327299973171,12,6087,2.7586206896551726,0.0
medium,la16,reference,2,1,50,150,0.8,0.1,945,979,979,3.5978835978836,0.6440932030000113,0.06916783999986365,16,5975,9.519408502772643,0.0
medium,la16,reference,3,2,50,150,0.8,0.1,945,982,1001,3.9153439153439162,0.6526809619999767,0.0814191680001386,18,6075,11.690647482014388,0.0
medium,la16,reference,4,3,50,150,0.8,0.1,945,979,979,3.5978835978836,0.5929464769997139,0.03561287100001209,8,5974,5.593056894889103,0.0
medium,la16,reference,5,4,50,150,0.8,0.1,945,982,982,3.9153439153439162,0.5947395040002448,0.04988531500021054,12,6094,8.989805375347544,0.0
medium,la16,reference,6,5,50,150,0.8,0.1,945,982,982,3.9153439153439162,0.6181305379996047,0.08982420299980731,18,5985,5.758157389635317,0.0
medium,la16,reference,7,6,50,150,0.8,0.1,945,982,982,3.9153439153439162,0.6030885230002241,0.11640378299944132,27,6057,4.288499025341131,0.0
medium,la16,reference,8,7,50,150,0.8,0.1,945,982,982,3.9153439153439162,0.6011741460006306,0.10393747300076939,25,6096,8.56610800744879,0.0
medium,la16,reference,9,8,50,150,0.8,0.1,945,979,982,3.5978835978836,0.6309135389992662,0.13872381699911784,31,6065,9.099350046425256,0.0
medium,la16,reference,10,9,50,150,0.8,0.1,945,982,982,3.9153439153439162,0.6097120139993422,0.12706974699995044,29,6018,7.793427230046948,0.0
medium,la16,reference,11,10,50,150,0.8,0.1,945,982,982,3.9153439153439162,0.6176050730000497,0.17896775999997772,43,6021,7.317073170731708,0.0
medium,la16,reference,12,11,50,150,0.8,0.1,945,982,1001,3.9153439153439162,0.614675463999447,0.4266650310000841,105,5966,6.685499058380414,0.0
medium,la16,reference,13,12,50,150,0.8,0.1,945,956,992,1.1640211640211673,0.6308560739998939,0.36990054699981556,87,6081,4.545454545454546,0.0
medium,la16,reference,14,13,50,150,0.8,0.1,945,982,982,3.9153439153439162,0.6113062929998705,0.115446523999708,27,6057,8.905380333951763,0.0
medium,la16,reference,15,14,50,150,0.8,0.1,945,982,994,3.9153439153439162,0.6102481709995118,0.5366452529997332,132,6021,8.302583025830259,1.2072434607645874
medium,la16,reference,16,15,50,150,0.8,0.1,945,982,982,3.9153439153439162,0.6270200990002195,0.12518623399955686,30,5930,6.83111954459203,0.0
medium,la16,reference,17,16,50,150,0.8,0.1,945,982,982,3.9153439153439162,0.6306168950004576,0.11396446700018714,25,6004,6.653992395437262,0.0
medium,la16,reference,18,17,50,150,0.8,0.1,945,995,1019,5.291005291005302,0.6285303929998918,0.5711117749997356,136,5997,7.472324723247232,0.7976071784646062
medium,la16,reference,19,18,50,150,0.8,0.1,945,982,982,3.9153439153439162,0.6693619770003352,0.06367666700043628,14,6040,9.493087557603687,0.0
medium,la16,reference,20,19,50,150,0.8,0.1,945,979,982,3.5978835978836,0.6149167590001525,0.03463308299978962,7,6007,8.419083255378858,0.0
medium,la16,reference,21,20,50,150,0.8,0.1,945,978,993,3.492063492063502,0.6000053719999414,0.1309561219995885,31,6063,8.082706766917294,0.0
medium,la16,reference,22,21,50,150,0.8,0.1,945,982,982,3.9153439153439162,0.6327513740006907,0.23666028800016647,55,6155,9.074410163339383,0.0
medium,la16,reference,23,22,50,150,0.8,0.1,945,1001,1008,5.9259259259259345,0.6282720930003052,0.4222799279996252,100,6074,3.9084842707340326,0.0
medium,la16,reference,24,23,50,150,0.8,0.1,945,982,982,3.9153439153439162,0.6254338509997979,0.1317528459994719,30,6055,6.028708133971292,0.0
medium,la16,reference,25,24,50,150,0.8,0.1,945,979,1012,3.5978835978836,0.6140433620003023,0.06227180699988821,14,6054,9.014869888475836,0.0
medium,la16,reference,26,25,50,150,0.8,0.1,945,982,982,3.9153439153439162,0.6302204149997124,0.08961366199946497,20,6050,8.395522388059701,0.0
medium,la16,reference,27,26,50,150,0.8,0.1,945,982,1008,3.9153439153439162,0.6179618100004518,0.06029223000041384,13,5993,8.22429906542056,0.0
medium,la16,reference,28,27,50,150,0.8,0.1,945,982,982,3.9153439153439162,0.6244774679998955,0.12705388399990625,29,6096,7.445805843543827,0.0
medium,la16,reference,29,28,50,150,0.8,0.1,945,982,982,3.9153439153439162,0.6279566909997811,0.10977830299998459,26,6002,8.13844714686623,0.0
medium,la16,reference,30,29,50,150,0.8,0.1,945,982,982,3.9153439153439162,0.6247301370003697,0.13671640800021123,31,6075,7.706766917293233,0.0
medium,la16,smaller_population,1,0,20,150,0.8,0.1,945,982,982,3.9153439153439162,0.246820017000573,0.04639742800009117,25,2296,8.22429906542056,0.0
medium,la16,smaller_population,2,1,20,150,0.8,0.1,945,1000,1000,5.820105820105814,0.261809632999757,0.23172351300036098,132,2414,7.811080835603996,1.477832512315271
medium,la16,smaller_population,3,2,20,150,0.8,0.1,945,1033,1034,9.312169312169317,0.24758705900057976,0.019276444000752235,12,2343,7.10431654676259,0.0
medium,la16,smaller_population,4,3,20,150,0.8,0.1,945,982,982,3.9153439153439162,0.24866885699975683,0.057484961000227486,34,2380,5.303760848601736,0.0
medium,la16,smaller_population,5,4,20,150,0.8,0.1,945,1028,1028,8.783068783068781,0.24423953899986373,0.022942210000110208,13,2368,7.553956834532374,0.0
medium,la16,smaller_population,6,5,20,150,0.8,0.1,945,1035,1035,9.523809523809534,0.2439165329997195,0.22947434499928931,140,2277,2.4390243902439024,0.4807692307692308
medium,la16,smaller_population,7,6,20,150,0.8,0.1,945,979,979,3.5978835978836,0.24841228700006468,0.03743307900003856,23,2296,4.580896686159844,0.0
medium,la16,smaller_population,8,7,20,150,0.8,0.1,945,982,1009,3.9153439153439162,0.24999876599940762,0.03466742599994177,20,2375,8.56610800744879,0.0
medium,la16,smaller_population,9,8,20,150,0.8,0.1,945,981,981,3.809523809523818,0.24835053700007848,0.07742756100014958,45,2306,7.706592386258125,0.0
medium,la16,smaller_population,10,9,20,150,0.8,0.1,945,982,982,3.9153439153439162,0.2524366600000576,0.13872908000030293,82,2352,6.797020484171322,0.0
medium,la16,smaller_population,11,10,20,150,0.8,0.1,945,978,978,3.492063492063502,0.24876845699964178,0.24365752499943483,147,2350,2.1435228331780056,6.679389312977099
medium,la16,smaller_population,12,11,20,150,0.8,0.1,945,999,1009,5.714285714285716,0.24814621499990608,0.16706122599953233,101,2313,8.227848101265822,0.0
medium,la16,smaller_population,13,12,20,150,0.8,0.1,945,1008,1010,6.666666666666665,0.23822715900041658,0.16668479400050273,104,2249,9.857904085257548,0.0
medium,la16,smaller_population,14,13,20,150,0.8,0.1,945,1008,1013,6.666666666666665,0.24904038299973763,0.045430774000124075,26,2357,6.4935064935064934,0.0
medium,la16,smaller_population,15,14,20,150,0.8,0.1,945,1001,1008,5.9259259259259345,0.24759989899939683,0.044636333999733324,25,2297,8.50091407678245,0.0
medium,la16,smaller_population,16,15,20,150,0.8,0.1,945,1016,1016,7.513227513227516,0.24237378199995874,0.02716132000023208,17,2340,6.186518928901201,0.0
medium,la16,smaller_population,17,16,20,150,0.8,0.1,945,997,1063,5.502645502645498,0.24693965799997386,0.003961445999266289,1,2324,8.363970588235293,0.0
medium,la16,smaller_population,18,17,20,150,0.8,0.1,945,999,999,5.714285714285716,0.2450123659991732,0.17196310999952402,102,2310,7.656826568265683,0.0
medium,la16,smaller_population,19,18,20,150,0.8,0.1,945,1001,1001,5.9259259259259345,0.24629121799989662,0.16930665799918643,99,2329,7.43801652892562,0.0
medium,la16,smaller_population,20,19,20,150,0.8,0.1,945,982,982,3.9153439153439162,0.25138433600022836,0.03341103799994016,18,2341,9.242144177449168,0.0
medium,la16,smaller_population,21,20,20,150,0.8,0.1,945,982,982,3.9153439153439162,0.255159346000255,0.08331978499973047,48,2336,6.672932330827067,0.0
medium,la16,smaller_population,22,21,20,150,0.8,0.1,945,982,988,3.9153439153439162,0.24321563000012247,0.08079044499936572,45,2304,9.800362976406534,0.0
medium,la16,smaller_population,23,22,20,150,0.8,0.1,945,982,982,3.9153439153439162,0.24495047700020223,0.22572631100047147,138,2301,6.715063520871143,3.155818540433925
medium,la16,smaller_population,24,23,20,150,0.8,0.1,945,1015,1045,7.407407407407418,0.2445657319995007,0.005191676999857009,2,2320,2.8708133971291865,0.0
medium,la16,smaller_population,25,24,20,150,0.8,0.1,945,1016,1016,7.513227513227516,0.24142483900050138,0.05268388100012089,32,2298,6.186518928901201,0.0
medium,la16,smaller_population,26,25,20,150,0.8,0.1,945,982,982,3.9153439153439162,0.23737789599999815,0.13463090999994165,83,2347,6.623134328358209,0.0
medium,la16,smaller_population,27,26,20,150,0.8,0.1,945,1012,1012,7.08994708994708,0.24790011200002482,0.06605848499930289,40,2314,5.4986020503261885,0.0
medium,la16,smaller_population,28,27,20,150,0.8,0.1,945,994,994,5.185185185185182,0.2430765560002328,0.13940692599953763,85,2289,6.7889908256880735,0.0
medium,la16,smaller_population,29,28,20,150,0.8,0.1,945,1001,1001,5.9259259259259345,0.24888690900024812,0.2295903130006991,139,2305,9.27927927927928,0.29880478087649404
medium,la16,smaller_population,30,29,20,150,0.8,0.1,945,982,982,3.9153439153439162,0.2539384620004057,0.02338510000026872,13,2352,11.611161116111612,0.0
medium,la16,lower_mutation,1,0,50,150,0.8,0.05,945,982,982,3.9153439153439162,0.6474499050000304,0.14409862799948314,29,6037,3.251231527093596,0.0
medium,la16,lower_mutation,2,1,50,150,0.8,0.05,945,982,987,3.9153439153439162,0.6202065959996617,0.47587407599985454,114,5897,8.78003696857671,0.5065856129685917
medium,la16,lower_mutation,3,2,50,150,0.8,0.05,945,982,982,3.9153439153439162,0.6562085829991702,0.08715762899919355,20,6079,11.690647482014388,0.0
medium,la16,lower_mutation,4,3,50,150,0.8,0.05,945,979,982,3.5978835978836,0.627668466000614,0.08112283500031481,18,5976,5.593056894889103,0.0
medium,la16,lower_mutation,5,4,50,150,0.8,0.05,945,982,987,3.9153439153439162,0.6128747470002054,0.12941533100001834,30,6040,8.989805375347544,0.0
medium,la16,lower_mutation,6,5,50,150,0.8,0.05,945,988,1001,4.550264550264549,0.6071165249995829,0.36102523999943514,89,6009,3.9347408829174664,0.0
medium,la16,lower_mutation,7,6,50,150,0.8,0.05,945,979,982,3.5978835978836,0.6383863439996276,0.09629168499941443,22,5970,4.580896686159844,0.0
medium,la16,lower_mutation,8,7,50,150,0.8,0.05,945,982,982,3.9153439153439162,1.6347277289996782,0.09405206700012059,21,6000,8.56610800744879,0.0
medium,la16,lower_mutation,9,8,50,150,0.8,0.05,945,982,982,3.9153439153439162,0.6446118719995866,0.2585512989999188,58,5978,7.242339832869081,0.0
medium,la16,lower_mutation,10,9,50,150,0.8,0.05,945,982,982,3.9153439153439162,0.6157773720005935,0.08264745000087714,17,5929,7.793427230046948,0.0
medium,la16,lower_mutation,11,10,50,150,0.8,0.05,945,982,999,3.9153439153439162,0.7434290000001056,0.1761887940001543,40,6058,6.848030018761726,0.0
medium,la16,lower_mutation,12,11,50,150,0.8,0.05,945,982,982,3.9153439153439162,0.6360616419997314,0.08845180200023606,20,5947,7.532956685499058,0.0
medium,la16,lower_mutation,13,12,50,150,0.8,0.05,945,979,982,3.5978835978836,0.6123879459992168,0.13992429899917624,33,5878,5.319148936170213,0.0
medium,la16,lower_mutation,14,13,50,150,0.8,0.05,945,979,982,3.5978835978836,0.6459911600004489,0.1699947980005163,40,5924,8.905380333951763,0.0
medium,la16,lower_mutation,15,14,50,150,0.8,0.05,945,1002,1008,6.0317460317460325,0.631109486999776,0.040270978000080504,8,5968,7.564575645756458,0.0
medium,la16,lower_mutation,16,15,50,150,0.8,0.05,945,982,982,3.9153439153439162,0.6075284570006261,0.11646081900016725,28,5877,6.83111954459203,0.0
medium,la16,lower_mutation,17,16,50,150,0.8,0.05,945,982,994,3.9153439153439162,0.638722228000006,0.1327553680002893,30,6002,6.653992395437262,0.0
medium,la16,lower_mutation,18,17,50,150,0.8,0.05,945,982,982,3.9153439153439162,0.625195511000129,0.12094707899996138,26,5905,9.409594095940959,0.0
medium,la16,lower_mutation,19,18,50,150,0.8,0.05,945,979,979,3.5978835978836,0.6395983600004911,0.20528057100000296,47,6013,8.387096774193548,0.0
medium,la16,lower_mutation,20,19,50,150,0.8,0.05,945,982,982,3.9153439153439162,0.612896587999785,0.05193672599943966,11,5986,8.13844714686623,0.0
medium,la16,lower_mutation,21,20,50,150,0.8,0.05,945,979,994,3.5978835978836,0.6124096120001923,0.15947117199993954,37,5912,7.988721804511278,0.0
medium,la16,lower_mutation,22,21,50,150,0.8,0.05,945,988,988,4.550264550264549,0.6305850750004538,0.13910232200032624,32,6013,10.344827586206897,0.0
medium,la16,lower_mutation,23,22,50,150,0.8,0.05,945,982,982,3.9153439153439162,0.6256533040004797,0.14983232699978544,35,5975,6.3870352716873215,0.0
medium,la16,lower_mutation,24,23,50,150,0.8,0.05,945,982,982,3.9153439153439162,0.6367300120000436,0.06290067400004773,14,6041,6.028708133971292,0.0
medium,la16,lower_mutation,25,24,50,150,0.8,0.05,945,979,994,3.5978835978836,0.6313067020000744,0.05358846199942491,11,6061,9.014869888475836,0.0
medium,la16,lower_mutation,26,25,50,150,0.8,0.05,945,982,982,3.9153439153439162,0.6132687750005061,0.026152993000323477,5,5912,8.395522388059701,0.0
medium,la16,lower_mutation,27,26,50,150,0.8,0.05,945,979,994,3.5978835978836,0.632847818999835,0.050563942999360734,11,5968,8.504672897196262,0.0
medium,la16,lower_mutation,28,27,50,150,0.8,0.05,945,987,1001,4.444444444444451,0.6199528799998006,0.4428491019998546,106,5920,6.880301602262017,0.0
medium,la16,lower_mutation,29,28,50,150,0.8,0.05,945,982,982,3.9153439153439162,0.6156184760002361,0.08800149400030932,20,5955,8.13844714686623,0.0
medium,la16,lower_mutation,30,29,50,150,0.8,0.05,945,979,988,3.5978835978836,0.6493581539998559,0.09221225900000718,21,5997,7.988721804511278,0.0
medium,la17,reference,1,0,50,150,0.8,0.1,784,804,804,2.5510204081632626,0.6455188760000965,0.31038119200002257,69,6088,8.700564971751412,0.0
medium,la17,reference,2,1,50,150,0.8,0.1,784,797,813,1.658163265306123,0.6248923279999872,0.0898942799994984,20,6004,8.914285714285715,0.0
medium,la17,reference,3,2,50,150,0.8,0.1,784,816,831,4.081632653061229,0.6498197289993186,0.06072867399961979,13,6108,7.587768969422424,0.0
medium,la17,reference,4,3,50,150,0.8,0.1,784,801,801,2.168367346938771,0.6549838740002087,0.33315441099966847,77,5964,9.265536723163843,0.0
medium,la17,reference,5,4,50,150,0.8,0.1,784,797,797,1.658163265306123,0.6726118449996648,0.1386662000004435,30,6103,8.285385500575375,0.0
medium,la17,reference,6,5,50,150,0.8,0.1,784,784,784,0.0,0.6199187500005792,0.27799968300041655,65,5986,9.28652321630804,0.0
medium,la17,reference,7,6,50,150,0.8,0.1,784,804,804,2.5510204081632626,0.6383291889997054,0.2535495219999575,57,6052,8.342728297632469,0.0
medium,la17,reference,8,7,50,150,0.8,0.1,784,804,822,2.5510204081632626,0.636309216999507,0.1591714279993539,36,6087,9.662921348314606,0.0
medium,la17,reference,9,8,50,150,0.8,0.1,784,797,813,1.658163265306123,0.6303752949997943,0.5695006309997552,135,6047,9.832402234636872,0.8706467661691543
medium,la17,reference,10,9,50,150,0.8,0.1,784,797,797,1.658163265306123,0.6366319529997782,0.23278998899968428,52,6015,9.080590238365494,0.0
medium,la17,reference,11,10,50,150,0.8,0.1,784,800,806,2.0408163265306145,0.6517115990000093,0.5126489780004704,117,6040,7.26643598615917,0.4975124378109453
medium,la17,reference,12,11,50,150,0.8,0.1,784,795,797,1.4030612244897878,0.6339717979999477,0.22600110199982737,53,5964,14.57663451232583,0.0
medium,la17,reference,13,12,50,150,0.8,0.1,784,800,801,2.0408163265306145,0.6402640950000205,0.12800724400040053,29,6055,11.797133406835723,0.0
medium,la17,reference,14,13,50,150,0.8,0.1,784,784,784,0.0,0.635898867000833,0.3029480980003427,71,6086,9.28652321630804,0.0
medium,la17,reference,15,14,50,150,0.8,0.1,784,807,807,2.933673469387754,0.6283143230002679,0.3541245209999033,84,5998,8.783783783783784,0.0
medium,la17,reference,16,15,50,150,0.8,0.1,784,797,801,1.658163265306123,0.6371228980005981,0.20025775700014492,45,5963,10.927152317880795,0.0
medium,la17,reference,17,16,50,150,0.8,0.1,784,804,804,2.5510204081632626,0.6453021269999226,0.17391719100032788,39,6044,3.56718192627824,0.0
medium,la17,reference,18,17,50,150,0.8,0.1,784,812,813,3.571428571428581,0.6697555569999167,0.5322938039998917,120,6030,8.651685393258427,0.12300123001230012
medium,la17,reference,19,18,50,150,0.8,0.1,784,813,813,3.6989795918367374,0.6491813290003847,0.11719279499993718,25,6050,8.651685393258427,0.0
medium,la17,reference,20,19,50,150,0.8,0.1,784,804,804,2.5510204081632626,0.624414140999761,0.16504668099969422,38,5961,11.816192560175054,0.0
medium,la17,reference,21,20,50,150,0.8,0.1,784,787,804,0.3826530612244916,0.6242121119994408,0.4352557419997538,105,6049,4.959630911188005,0.0
medium,la17,reference,22,21,50,150,0.8,0.1,784,808,808,3.0612244897959107,0.6448574119995101,0.11512177900021925,25,6145,8.700564971751412,0.0
medium,la17,reference,23,22,50,150,0.8,0.1,784,804,804,2.5510204081632626,0.6946610139993936,0.1534794339995642,32,6077,12.418300653594772,0.0
medium,la17,reference,24,23,50,150,0.8,0.1,784,799,813,1.913265306122458,0.6412377280003057,0.06771315700007108,14,6062,7.630057803468208,0.0
medium,la17,reference,25,24,50,150,0.8,0.1,784,804,813,2.5510204081632626,0.6279783549998683,0.14346782699976757,35,6062,10.46770601336303,0.0
medium,la17,reference,26,25,50,150,0.8,0.1,784,804,804,2.5510204081632626,0.6393399520002276,0.20016949599994405,46,6049,11.050328227571116,0.0
medium,la17,reference,27,26,50,150,0.8,0.1,784,797,798,1.658163265306123,0.6229111729999204,0.28842225300013524,68,5978,11.823204419889503,0.0
medium,la17,reference,28,27,50,150,0.8,0.1,784,803,813,2.423469387755106,0.6387863869995272,0.24142333500003588,56,6082,7.665903890160183,0.0
medium,la17,reference,29,28,50,150,0.8,0.1,784,804,804,2.5510204081632626,0.6424483959999634,0.5783095970000431,134,6029,7.126696832579186,0.6180469715698393
medium,la17,reference,30,29,50,150,0.8,0.1,784,798,807,1.7857142857142794,0.6541567360000045,0.31580516200028796,72,6109,11.221122112211221,0.0
medium,la17,smaller_population,1,0,20,150,0.8,0.1,784,814,814,3.826530612244894,0.23659257700001035,0.10078170999986469,64,2277,7.344632768361582,0.0
medium,la17,smaller_population,2,1,20,150,0.8,0.1,784,811,811,3.4438775510204023,0.28038288300012937,0.22607634800078813,120,2438,6.171428571428572,1.218026796589525
medium,la17,smaller_population,3,2,20,150,0.8,0.1,784,834,834,6.3775510204081565,0.2510452139995323,0.03591500999937125,20,2328,8.652792990142387,0.0
medium,la17,smaller_population,4,3,20,150,0.8,0.1,784,831,831,5.994897959183665,0.24951811299979454,0.02408424700024625,13,2361,13.07531380753138,0.0
medium,la17,smaller_population,5,4,20,150,0.8,0.1,784,814,814,3.826530612244894,0.2487106329999733,0.11692057299933367,68,2342,4.718066743383199,0.0
medium,la17,smaller_population,6,5,20,150,0.8,0.1,784,852,884,8.673469387755105,0.23488611900029355,0.01785359600035008,10,2278,5.333333333333333,0.0
medium,la17,smaller_population,7,6,20,150,0.8,0.1,784,822,835,4.846938775510212,0.24684388400055468,0.03189660499992897,19,2300,13.38250790305585,0.0
medium,la17,smaller_population,8,7,20,150,0.8,0.1,784,823,825,4.974489795918369,0.25977183600025455,0.08941995399982261,48,2337,13.702928870292887,0.0
medium,la17,smaller_population,9,8,20,150,0.8,0.1,784,822,842,4.846938775510212,0.24980184900050517,0.03495432799991249,19,2327,8.156424581005586,0.0
medium,la17,smaller_population,10,9,20,150,0.8,0.1,784,806,806,2.8061224489795977,0.24489641600030154,0.2279108640004779,140,2327,12.793176972281449,0.37082818294190356
medium,la17,smaller_population,11,10,20,150,0.8,0.1,784,809,809,3.1887755102040893,0.2510213279992968,0.12715887899958034,75,2362,6.719817767653758,0.0
medium,la17,smaller_population,12,11,20,150,0.8,0.1,784,845,845,7.780612244897966,0.24576795099983428,0.011808184999608784,6,2282,11.239495798319327,0.0
medium,la17,smaller_population,13,12,20,150,0.8,0.1,784,835,835,6.505102040816335,0.24660274100006063,0.05916679800066049,36,2239,7.938257993384785,0.0
medium,la17,smaller_population,14,13,20,150,0.8,0.1,784,819,819,4.464285714285721,0.25797987599980843,0.03435821000039141,18,2343,7.2480181200453,0.0
medium,la17,smaller_population,15,14,20,150,0.8,0.1,784,821,821,4.719387755102034,0.24317446899931383,0.08828945099958219,51,2271,8.719646799116997,0.0
medium,la17,smaller_population,16,15,20,150,0.8,0.1,784,827,827,5.484693877551017,0.24614549899979465,0.04610344699995039,28,2345,9.02090209020902,0.0
medium,la17,smaller_population,17,16,20,150,0.8,0.1,784,802,802,2.2959183673469497,0.24144193699976313,0.10589246099971206,63,2308,1.5098722415795587,0.0
medium,la17,smaller_population,18,17,20,150,0.8,0.1,784,797,797,1.658163265306123,0.2447240999999849,0.22229282899934333,137,2329,8.651685393258427,0.4993757802746567
medium,la17,smaller_population,19,18,20,150,0.8,0.1,784,818,828,4.336734693877542,0.25382955499935633,0.08045095699981175,48,2281,6.292134831460674,0.0
medium,la17,smaller_population,20,19,20,150,0.8,0.1,784,826,826,5.35714285714286,0.2780194400002074,0.2361374540005272,126,2356,8.205689277899344,0.9592326139088729
medium,la17,smaller_population,21,20,20,150,0.8,0.1,784,818,818,4.336734693877542,0.26434456200058776,0.2606372879999981,148,2302,4.137931034482759,0.8484848484848485
medium,la17,smaller_population,22,21,20,150,0.8,0.1,784,803,807,2.423469387755106,0.24056195899993327,0.23644975800016255,147,2274,7.68361581920904,0.37220843672456577
medium,la17,smaller_population,23,22,20,150,0.8,0.1,784,808,813,3.0612244897959107,0.24938715899952513,0.04053064500021719,22,2343,11.982570806100219,0.0
medium,la17,smaller_population,24,23,20,150,0.8,0.1,784,809,817,3.1887755102040893,0.24531532499986497,0.02002188699952967,11,2324,10.409745293466223,0.0
medium,la17,smaller_population,25,24,20,150,0.8,0.1,784,824,824,5.102040816326525,0.24265183599982265,0.029925365999588394,17,2292,10.337323177366702,0.0
medium,la17,smaller_population,26,25,20,150,0.8,0.1,784,828,828,5.612244897959173,0.24540913500004535,0.03085159000056592,17,2346,9.803921568627452,0.0
medium,la17,smaller_population,27,26,20,150,0.8,0.1,784,825,825,5.229591836734704,0.2450540270001511,0.12485979800021596,75,2373,8.991228070175438,0.0
medium,la17,smaller_population,28,27,20,150,0.8,0.1,784,813,813,3.6989795918367374,0.24607286300033593,0.12314864800009673,73,2259,6.864988558352403,0.0
medium,la17,smaller_population,29,28,20,150,0.8,0.1,784,802,802,2.2959183673469497,0.23905018300047232,0.2283962290002819,144,2301,12.5,0.7425742574257426
medium,la17,smaller_population,30,29,20,150,0.8,0.1,784,839,839,7.015306122448983,0.24735889000021416,0.05108958300024824,31,2344,10.07502679528403,0.0
medium,la17,lower_mutation,1,0,50,150,0.8,0.05,784,799,804,1.913265306122458,0.6224107070001992,0.06223276899982011,14,6034,9.717514124293785,0.0
medium,la17,lower_mutation,2,1,50,150,0.8,0.05,784,804,804,2.5510204081632626,0.6075910600002317,0.1910052140001426,46,5888,7.771428571428571,0.0
medium,la17,lower_mutation,3,2,50,150,0.8,0.05,784,784,797,0.0,0.6335608370000045,0.4976576799999748,117,6073,9.739524348810871,1.2594458438287153
medium,la17,lower_mutation,4,3,50,150,0.8,0.05,784,794,801,1.2755102040816313,0.6433584960004737,0.22869651900055032,57,5967,9.152542372881356,0.0
medium,la17,lower_mutation,5,4,50,150,0.8,0.05,784,788,789,0.5102040816326481,0.6237236719998691,0.4256733499996699,101,6002,7.249712313003452,0.0
medium,la17,lower_mutation,6,5,50,150,0.8,0.05,784,797,797,1.658163265306123,0.6411519659995975,0.17308382600003824,38,5981,9.626274065685164,0.0
medium,la17,lower_mutation,7,6,50,150,0.8,0.05,784,799,799,1.913265306122458,0.6440207790001296,0.41448132900040946,94,5980,8.568207440811724,0.0
medium,la17,lower_mutation,8,7,50,150,0.8,0.05,784,790,790,0.7653061224489832,0.6106933040000513,0.34089283699995576,82,5966,9.213483146067416,0.0
medium,la17,lower_mutation,9,8,50,150,0.8,0.05,784,797,797,1.658163265306123,0.6432379990001209,0.3116205429996626,72,5973,10.726256983240223,0.0
medium,la17,lower_mutation,10,9,50,150,0.8,0.05,784,797,797,1.658163265306123,0.6199374850002641,0.09935877099997015,22,5956,9.534619750283769,0.0
medium,la17,lower_mutation,11,10,50,150,0.8,0.05,784,797,797,1.658163265306123,0.6969243000003189,0.4132615119997354,85,6048,6.920415224913495,0.0
medium,la17,lower_mutation,12,11,50,150,0.8,0.05,784,830,830,5.867346938775508,0.6848487950001072,0.16192623200004164,33,5959,11.039657020364416,0.0
medium,la17,lower_mutation,13,12,50,150,0.8,0.05,784,804,804,2.5510204081632626,0.6104576260004251,0.43893554599981144,107,5894,10.915104740904079,0.0
medium,la17,lower_mutation,14,13,50,150,0.8,0.05,784,787,789,0.3826530612244916,0.6167522829991867,0.5889739329995791,143,5907,8.493771234428086,0.2534854245880862
medium,la17,lower_mutation,15,14,50,150,0.8,0.05,784,809,809,3.1887755102040893,0.6422018750008647,0.22399728000073083,49,5966,7.882882882882883,0.0
medium,la17,lower_mutation,16,15,50,150,0.8,0.05,784,804,804,2.5510204081632626,0.6000848399999086,0.1380664259995683,31,5832,11.258278145695364,0.0
medium,la17,lower_mutation,17,16,50,150,0.8,0.05,784,806,816,2.8061224489795977,0.6369483360003869,0.09173037300024589,20,6012,4.161712247324614,0.0
medium,la17,lower_mutation,18,17,50,150,0.8,0.05,784,794,794,1.2755102040816313,0.6802372000001924,0.22289641200040933,52,5899,7.752808988764045,0.0
medium,la17,lower_mutation,19,18,50,150,0.8,0.05,784,804,804,2.5510204081632626,0.6367343990004883,0.13094988600005308,30,6021,9.662921348314606,0.0
medium,la17,lower_mutation,20,19,50,150,0.8,0.05,784,804,804,2.5510204081632626,0.6354850460002126,0.1368954780000422,32,5977,12.035010940919037,0.0
medium,la17,lower_mutation,21,20,50,150,0.8,0.05,784,804,806,2.5510204081632626,0.617902187999789,0.09219106100044883,21,5923,7.26643598615917,0.0
medium,la17,lower_mutation,22,21,50,150,0.8,0.05,784,804,804,2.5510204081632626,0.6189850860000661,0.05824029299947142,12,6016,9.152542372881356,0.0
medium,la17,lower_mutation,23,22,50,150,0.8,0.05,784,791,791,0.8928571428571397,0.617311793999761,0.5468655909999143,132,5937,11.11111111111111,0.12626262626262627
medium,la17,lower_mutation,24,23,50,150,0.8,0.05,784,797,797,1.658163265306123,0.6232526029998553,0.25300547200004075,59,6041,6.936416184971098,0.0
medium,la17,lower_mutation,25,24,50,150,0.8,0.05,784,804,804,2.5510204081632626,0.7101307809998616,0.22717573199952312,40,6043,9.910913140311804,0.0
medium,la17,lower_mutation,26,25,50,150,0.8,0.05,784,811,811,3.4438775510204023,0.646656033999534,0.3274188299992602,76,5909,10.393873085339168,0.0
medium,la17,lower_mutation,27,26,50,150,0.8,0.05,784,804,804,2.5510204081632626,0.6475940509999418,0.13263353499951336,31,5977,11.160220994475138,0.0
medium,la17,lower_mutation,28,27,50,150,0.8,0.05,784,813,821,3.6989795918367374,0.6314468439995835,0.0983419900003355,22,5945,6.979405034324943,0.0
medium,la17,lower_mutation,29,28,50,150,0.8,0.05,784,811,811,3.4438775510204023,0.6347526039999138,0.23023092499988707,56,5943,7.352941176470588,0.0
medium,la17,lower_mutation,30,29,50,150,0.8,0.05,784,808,832,3.0612244897959107,0.6316568219999681,0.11513028899935307,24,5985,11.11111111111111,0.0
large,la31,reference,1,0,50,150,0.8,0.1,1784,1795,1796,0.6165919282511201,3.38774482000008,1.8929249940001682,83,6003,5.512220488819553,0.0
large,la31,reference,2,1,50,150,0.8,0.1,1784,1784,1784,0.0,3.5379815449996386,2.4682686890000696,105,6039,5.1004636785162285,0.0
large,la31,reference,3,2,50,150,0.8,0.1,1784,1785,1786,0.05605381165918466,3.6553382960000818,1.9795846699998947,81,6003,7.358201328564129,0.0
large,la31,reference,4,3,50,150,0.8,0.1,1784,1784,1784,0.0,3.4824317249995147,2.235669816999689,95,6027,6.519507186858316,0.0
large,la31,reference,5,4,50,150,0.8,0.1,1784,1784,1787,0.0,3.5661407070001587,1.8559621599997627,76,6011,8.088978766430738,0.0
large,la31,reference,6,5,50,150,0.8,0.1,1784,1784,1784,0.0,3.4761771319999752,1.9472247000003335,82,6044,6.828763579927574,0.0
large,la31,reference,7,6,50,150,0.8,0.1,1784,1784,1784,0.0,3.4566927600008057,1.5617374660005225,66,6102,6.907216494845361,0.0
large,la31,reference,8,7,50,150,0.8,0.1,1784,1786,1796,0.11210762331839152,3.6071934420006073,3.019150353000441,126,6008,5.427974947807933,0.05595970900951315
large,la31,reference,9,8,50,150,0.8,0.1,1784,1788,1788,0.22421524663676085,3.595505741999659,1.3974305599995205,59,5987,6.948018528049408,0.0
large,la31,reference,10,9,50,150,0.8,0.1,1784,1784,1790,0.0,3.64426161099982,3.4955405820001033,144,6038,6.619144602851324,0.33519553072625696
large,la31,reference,11,10,50,150,0.8,0.1,1784,1784,1784,0.0,3.7138239370005977,2.1511333400003423,87,6105,7.90273556231003,0.0
large,la31,reference,12,11,50,150,0.8,0.1,1784,1810,1826,1.4573991031390232,3.6200264720000632,2.0141865120003786,84,5999,5.785970302099335,0.0
large,la31,reference,13,12,50,150,0.8,0.1,1784,1798,1804,0.7847533632286963,3.4066900859997986,2.88692541599994,126,6039,6.032719836400818,0.1665741254858412
large,la31,reference,14,13,50,150,0.8,0.1,1784,1792,1792,0.4484304932735439,3.4592769780001618,2.0672323059998234,89,6045,6.446621970087674,0.0
large,la31,reference,15,14,50,150,0.8,0.1,1784,1784,1784,0.0,4.292192117999548,1.7017490559992439,75,6070,7.763496143958869,0.0
large,la31,reference,16,15,50,150,0.8,0.1,1784,1791,1799,0.39237668161435924,3.4518823640000846,2.4054910619997827,105,6022,5.9375,0.0
large,la31,reference,17,16,50,150,0.8,0.1,1784,1784,1784,0.0,4.185575732999496,3.1771385080000982,103,6048,6.873727087576375,0.0
large,la31,reference,18,17,50,150,0.8,0.1,1784,1784,1784,0.0,3.2240904660002343,1.2431671040003494,57,5870,7.09545686574783,0.0
large,la31,reference,19,18,50,150,0.8,0.1,1784,1784,1784,0.0,3.5588811300003727,3.3313816609997957,140,6038,5.495075168481078,0.6128133704735376
large,la31,reference,20,19,50,150,0.8,0.1,1784,1784,1784,0.0,3.6688174199998684,1.4786406109997188,61,6119,8.16743236345074,0.0
large,la31,reference,21,20,50,150,0.8,0.1,1784,1785,1789,0.05605381165918466,3.417401433000123,1.3775074880004468,61,5952,8.205912334352702,0.0
large,la31,reference,22,21,50,150,0.8,0.1,1784,1784,1796,0.0,3.567886429000282,3.4648251070002516,146,5993,5.761316872427984,0.3908431044109436
large,la31,reference,23,22,50,150,0.8,0.1,1784,1784,1784,0.0,3.5305921179997313,2.764049038999474,116,6060,4.517133956386293,0.44642857142857145
large,la31,reference,24,23,50,150,0.8,0.1,1784,1784,1785,0.0,3.554709742000341,1.5790526649998355,67,6042,8.130081300813009,0.0
large,la31,reference,25,24,50,150,0.8,0.1,1784,1784,1784,0.0,3.41113652400054,2.191833658000178,94,5999,6.554878048780488,0.0
large,la31,reference,26,25,50,150,0.8,0.1,1784,1784,1784,0.0,3.2715961740004786,1.7589858430001186,79,5959,6.288659793814433,0.0
large,la31,reference,27,26,50,150,0.8,0.1,1784,1784,1796,0.0,3.589486453000063,3.290706747000513,137,6019,5.958549222797927,0.056022408963585436
large,la31,reference,28,27,50,150,0.8,0.1,1784,1786,1789,0.11210762331839152,3.336040426999716,2.9044631569995545,131,6011,6.632911392405063,0.11185682326621924
large,la31,reference,29,28,50,150,0.8,0.1,1784,1784,1784,0.0,3.4978802279993033,1.302266925999902,56,6090,5.406797116374872,0.0
large,la31,reference,30,29,50,150,0.8,0.1,1784,1784,1784,0.0,3.377571889000137,1.5223493249995954,67,6053,4.981646565285789,0.0
large,la31,smaller_population,1,0,20,150,0.8,0.1,1784,1848,1871,3.587443946188351,1.2787634030000845,1.1820899189997363,138,2291,3.6791006642820645,0.7518796992481203
large,la31,smaller_population,2,1,20,150,0.8,0.1,1784,1858,1863,4.147982062780264,1.2786431180002182,0.46560464699996373,54,2327,4.267352185089974,0.0
large,la31,smaller_population,3,2,20,150,0.8,0.1,1784,1833,1850,2.746636771300448,1.3161050259996045,0.2681669220000913,26,2276,6.336228921819111,0.0
large,la31,smaller_population,4,3,20,150,0.8,0.1,1784,1856,1857,4.035874439461873,1.3199638140004026,0.9615072200003851,110,2339,5.938600905888274,0.0
large,la31,smaller_population,5,4,20,150,0.8,0.1,1784,1877,1882,5.213004484304928,1.2533569389997865,1.2303101200004676,147,2288,4.2972699696663295,0.5299417064122947
large,la31,smaller_population,6,5,20,150,0.8,0.1,1784,1835,1838,2.8587443946188396,1.2477828309993129,1.0541083739999522,127,2255,4.3455768235902745,0.054466230936819175
large,la31,smaller_population,7,6,20,150,0.8,0.1,1784,1805,1812,1.1771300448430555,1.3145005920005133,1.2827653650001594,147,2276,5.768249106687085,0.6057268722466961
large,la31,smaller_population,8,7,20,150,0.8,0.1,1784,1896,1925,6.278026905829592,1.1578546399996412,0.687859672999366,92,2085,3.3132530120481927,0.0
large,la31,smaller_population,9,8,20,150,0.8,0.1,1784,1784,1784,0.0,1.2775898629997755,0.6055137220000688,69,2346,5.764282038085435,0.0
large,la31,smaller_population,10,9,20,150,0.8,0.1,1784,1814,1820,1.681614349775784,1.2503285689999757,0.8507127369994123,102,2324,4.52006094464195,0.0
large,la31,smaller_population,11,10,20,150,0.8,0.1,1784,1850,1861,3.6995515695067205,1.268758324999908,0.22016577499925916,24,2285,6.376518218623482,0.0
large,la31,smaller_population,12,11,20,150,0.8,0.1,1784,1821,1821,2.0739910313901433,1.243829130999984,0.5553574969999318,68,2304,6.400409626216078,0.0
large,la31,smaller_population,13,12,20,150,0.8,0.1,1784,1797,1797,0.7286995515695116,1.275533101000292,0.9774521080007617,114,2296,7.778342653787494,0.11117287381878821
large,la31,smaller_population,14,13,20,150,0.8,0.1,1784,1874,1874,5.044843049327352,1.2342388299994127,0.47719486099958885,58,2230,3.605891315388522,0.0
large,la31,smaller_population,15,14,20,150,0.8,0.1,1784,1855,1865,3.979820627802688,1.276715152000179,0.7452669679996689,86,2280,3.2390745501285347,0.0
large,la31,smaller_population,16,15,20,150,0.8,0.1,1784,1828,1832,2.4663677130044803,1.2677544779999153,0.7726440599999478,90,2305,1.7708333333333333,0.0
large,la31,smaller_population,17,16,20,150,0.8,0.1,1784,1818,1825,1.905829596412567,1.2459185759998945,0.48313397699985217,55,2259,6.822810590631365,0.0
large,la31,smaller_population,18,17,20,150,0.8,0.1,1784,1803,1815,1.065022421524664,1.2685957269995924,0.8380743979996623,98,2258,5.609382967873534,0.0
large,la31,smaller_population,19,18,20,150,0.8,0.1,1784,1817,1817,1.8497757847533602,1.3098536910001712,1.1649177469998904,133,2268,4.250907205806117,0.5473453749315819
large,la31,smaller_population,20,19,20,150,0.8,0.1,1784,1874,1874,5.044843049327352,1.2136671429998387,0.11191718999998557,15,2204,4.338948443083206,0.0
large,la31,smaller_population,21,20,20,150,0.8,0.1,1784,1872,1872,4.932735426008961,1.2668444799992358,0.543263496999316,67,2266,6.85066535239034,0.0
large,la31,smaller_population,22,21,20,150,0.8,0.1,1784,1794,1795,0.5605381165919354,1.2621502830006648,1.1805267310001,139,2234,6.795131845841785,0.111358574610245
large,la31,smaller_population,23,22,20,150,0.8,0.1,1784,1832,1836,2.6905829596412634,1.3133825600007185,0.9693739300000743,114,2261,3.8940809968847354,0.16348773841961853
large,la31,smaller_population,24,23,20,150,0.8,0.1,1784,1807,1847,1.2892376681614248,1.3402998999999909,0.3077482170001531,31,2251,8.18089430894309,0.0
large,la31,smaller_population,25,24,20,150,0.8,0.1,1784,1846,1856,3.4753363228699596,1.2964444550007101,0.5760025950003183,66,2263,7.757334659373446,0.0
large,la31,smaller_population,26,25,20,150,0.8,0.1,1784,1818,1847,1.905829596412567,1.3229248500001631,1.2181395150000753,137,2194,6.176620724859622,0.49261083743842365
large,la31,smaller_population,27,26,20,150,0.8,0.1,1784,1819,1836,1.9618834080717518,1.4017776539994884,0.602471102999516,61,2349,3.8860103626943006,0.0
large,la31,smaller_population,28,27,20,150,0.8,0.1,1784,1857,1866,4.09192825112108,1.296604911999566,0.8710754359999555,100,2214,5.897051474262868,0.0
large,la31,smaller_population,29,28,20,150,0.8,0.1,1784,1839,1839,3.0829596412556004,1.3349785009995685,0.9202356739997413,103,2315,4.942007060010086,0.0
large,la31,smaller_population,30,29,20,150,0.8,0.1,1784,1816,1821,1.7937219730941756,1.2548746540005595,0.6105747830006294,72,2314,8.291708291708291,0.0
large,la31,lower_mutation,1,0,50,150,0.8,0.05,1784,1784,1784,0.0,3.200436854000145,1.9746797370007698,91,5886,5.356214248569943,0.0
large,la31,lower_mutation,2,1,50,150,0.8,0.05,1784,1784,1784,0.0,3.2093132079999123,2.142641526999796,99,5871,5.821741370427614,0.0
large,la31,lower_mutation,3,2,50,150,0.8,0.05,1784,1784,1784,0.0,3.3526553120000244,1.2116720840003836,54,6025,7.818088911599387,0.0
large,la31,lower_mutation,4,3,50,150,0.8,0.05,1784,1784,1784,0.0,3.2924320040001476,2.447096601999874,111,6003,6.468172484599589,0.0
large,la31,lower_mutation,5,4,50,150,0.8,0.05,1784,1799,1799,0.8408071748879031,3.4945629499998176,1.53468400499969,67,5930,8.088978766430738,0.0
large,la31,lower_mutation,6,5,50,150,0.8,0.05,1784,1784,1784,0.0,3.6100571039996794,2.5724953959997947,107,6068,5.069839627521986,0.0
large,la31,lower_mutation,7,6,50,150,0.8,0.05,1784,1784,1784,0.0,3.4475674349996552,1.4317305180002222,62,6019,7.268041237113402,0.0
large,la31,lower_mutation,8,7,50,150,0.8,0.05,1784,1784,1784,0.0,3.4100986410003316,1.83779142900039,82,5958,5.11482254697286,0.0
large,la31,lower_mutation,9,8,50,150,0.8,0.05,1784,1784,1784,0.0,3.492227632000322,2.575702347000515,110,5889,6.433350488934638,0.0
large,la31,lower_mutation,10,9,50,150,0.8,0.05,1784,1784,1784,0.0,3.5600860619997547,3.1609213589999854,133,5920,7.484725050916497,0.16787912702853947
large,la31,lower_mutation,11,10,50,150,0.8,0.05,1784,1785,1785,0.05605381165918466,3.518641860999196,2.574370278999595,109,5980,6.990881458966565,0.0
large,la31,lower_mutation,12,11,50,150,0.8,0.05,1784,1787,1787,0.16816143497757619,3.669161927999994,3.012171264999779,123,5957,5.581157194060419,0.22333891680625348
large,la31,lower_mutation,13,12,50,150,0.8,0.05,1784,1784,1784,0.0,3.5809063140004582,2.4395564550004565,102,5891,6.7995910020449895,0.0
large,la31,lower_mutation,14,13,50,150,0.8,0.05,1784,1784,1793,0.0,3.608659754000655,2.5132575010002256,103,6001,6.807632800412584,0.0
large,la31,lower_mutation,15,14,50,150,0.8,0.05,1784,1784,1784,0.0,3.583198142000583,1.5557457410004645,64,6041,7.403598971722365,0.0
large,la31,lower_mutation,16,15,50,150,0.8,0.05,1784,1787,1787,0.16816143497757619,3.4085077629997613,1.752959316999295,78,5931,5.052083333333333,0.0
large,la31,lower_mutation,17,16,50,150,0.8,0.05,1784,1784,1784,0.0,4.7643507370003135,2.1570989120000377,91,6025,7.026476578411406,0.0
large,la31,lower_mutation,18,17,50,150,0.8,0.05,1784,1784,1784,0.0,3.2552678929996546,1.9275343030003569,88,5837,7.299642674834099,0.0
large,la31,lower_mutation,19,18,50,150,0.8,0.05,1784,1784,1784,0.0,3.259126295999522,2.539474324999901,116,5948,6.1171591498185585,0.056022408963585436
large,la31,lower_mutation,20,19,50,150,0.8,0.05,1784,1784,1785,0.0,3.3117610160006734,3.2011445930002083,145,6023,7.299642674834099,0.16787912702853947
large,la31,lower_mutation,21,20,50,150,0.8,0.05,1784,1784,1784,0.0,3.257977977000337,2.0890254050000294,94,5905,7.696228338430173,0.0
large,la31,lower_mutation,22,21,50,150,0.8,0.05,1784,1784,1784,0.0,3.2972876000003453,1.7998518080003123,81,5939,6.378600823045267,0.0
large,la31,lower_mutation,23,22,50,150,0.8,0.05,1784,1784,1784,0.0,3.3900125430000116,1.247544819999348,55,6036,5.399792315680166,0.0
large,la31,lower_mutation,24,23,50,150,0.8,0.05,1784,1784,1784,0.0,3.626350323999759,2.513431020999633,103,5943,7.164634146341464,0.0
large,la31,lower_mutation,25,24,50,150,0.8,0.05,1784,1784,1784,0.0,5.634975576000215,2.858902113000113,83,5882,7.520325203252033,0.0
large,la31,lower_mutation,26,25,50,150,0.8,0.05,1784,1784,1784,0.0,8.055935781000699,5.682146975000251,102,5904,5.154639175257732,0.0
large,la31,lower_mutation,27,26,50,150,0.8,0.05,1784,1804,1813,1.1210762331838486,6.207570016999853,2.9743525820003924,66,5951,6.476683937823834,0.0
large,la31,lower_mutation,28,27,50,150,0.8,0.05,1784,1786,1796,0.11210762331839152,5.920039962999908,4.98339946500073,107,5908,7.6455696202531644,0.0
large,la31,lower_mutation,29,28,50,150,0.8,0.05,1784,1792,1792,0.4484304932735439,5.659525258000031,2.524962833000245,112,5974,6.642636457260556,0.0
large,la31,lower_mutation,30,29,50,150,0.8,0.05,1784,1788,1788,0.22421524663676085,5.3027205959997445,4.695276823000313,125,5886,5.19140010487677,0.05589714924538849
large,la32,reference,1,0,50,150,0.8,0.1,1850,1850,1860,0.0,3.3817587409994303,2.9493684049994044,130,5977,6.145526057030482,0.857449088960343
large,la32,reference,2,1,50,150,0.8,0.1,1850,1854,1870,0.216216216216214,3.566463518999626,2.831471546999637,118,6038,6.485148514851486,0.4830917874396135
large,la32,reference,3,2,50,150,0.8,0.1,1850,1850,1862,0.0,3.294548107999617,2.8974927179997394,131,6005,8.798076923076923,0.4841312533620226
large,la32,reference,4,3,50,150,0.8,0.1,1850,1862,1863,0.648648648648642,3.3399666739996974,2.5460878120002235,114,6089,6.341463414634147,0.1072961373390558
large,la32,reference,5,4,50,150,0.8,0.1,1850,1850,1856,0.0,3.2139279000002716,2.1321146880000015,99,5969,8.487804878048781,0.0
large,la32,reference,6,5,50,150,0.8,0.1,1850,1850,1854,0.0,3.648178590000498,2.729347580000649,113,6052,6.1981454367984385,0.05402485143165856
large,la32,reference,7,6,50,150,0.8,0.1,1850,1872,1894,1.1891891891891992,3.52533018899976,3.046515301999534,129,6108,6.97786333012512,0.053390282968499736
large,la32,reference,8,7,50,150,0.8,0.1,1850,1861,1879,0.5945945945945885,3.4920231609994516,3.419672996999907,147,6004,7.423580786026201,1.0106382978723405
large,la32,reference,9,8,50,150,0.8,0.1,1850,1854,1854,0.216216216216214,3.3893654809999134,2.5137783129994205,111,5996,4.240631163708087,0.0
large,la32,reference,10,9,50,150,0.8,0.1,1850,1850,1850,0.0,3.5613953299998684,2.165992627000378,92,6033,6.45320197044335,0.0
large,la32,reference,11,10,50,150,0.8,0.1,1850,1866,1880,0.864864864864856,3.591396492000058,3.0716235629997755,127,6037,5.116959064327485,0.6918573709419904
large,la32,reference,12,11,50,150,0.8,0.1,1850,1866,1877,0.864864864864856,3.458195625999906,3.153959121999833,137,6002,4.039900249376559,0.32051282051282054
large,la32,reference,13,12,50,150,0.8,0.1,1850,1871,1871,1.1351351351351457,3.377552423999987,3.231761238999752,144,6021,6.446921958313136,1.0576414595452142
large,la32,reference,14,13,50,150,0.8,0.1,1850,1867,1874,0.9189189189189095,3.6548582099994746,3.46188148300007,143,6042,6.159068865179438,1.0598834128245893
large,la32,reference,15,14,50,150,0.8,0.1,1850,1850,1870,0.0,3.674362748999556,3.202705020999929,132,6089,5.8304752572268495,1.5433741351782864
large,la32,reference,16,15,50,150,0.8,0.1,1850,1879,1892,1.5675675675675738,5.7200326479996875,5.275907219999681,131,5992,5.427872860635697,0.582010582010582
large,la32,reference,17,16,50,150,0.8,0.1,1850,1858,1862,0.432432432432428,3.6982410170003277,2.6576180769998246,106,6008,6.621226874391431,0.0
large,la32,reference,18,17,50,150,0.8,0.1,1850,1871,1889,1.1351351351351457,3.473661797999739,2.915807825000229,126,5923,5.160662122687439,0.26652452025586354
large,la32,reference,19,18,50,150,0.8,0.1,1850,1850,1857,0.0,3.5968976449994443,2.690824265999254,113,6046,6.448461162677089,0.3232758620689655
large,la32,reference,20,19,50,150,0.8,0.1,1850,1852,1852,0.108108108108107,4.054332181999598,3.5710121029997026,133,6110,5.99123234291281,0.2692514808831449
large,la32,reference,21,20,50,150,0.8,0.1,1850,1853,1877,0.1621621621621605,4.135902052999882,3.7348631789991487,133,5967,4.558969276511397,0.6966773847802786
large,la32,reference,22,21,50,150,0.8,0.1,1850,1867,1883,0.9189189189189095,4.038233948999732,3.743024374000015,137,5982,6.640814348036839,0.5327650506126798
large,la32,reference,23,22,50,150,0.8,0.1,1850,1850,1860,0.0,3.3629910949994155,3.0917715519999547,137,6062,3.922542204568024,0.5376344086021505
large,la32,reference,24,23,50,150,0.8,0.1,1850,1850,1857,0.0,3.4040896679998696,2.8969754110003123,128,6031,6.800391389432486,0.05402485143165856
large,la32,reference,25,24,50,150,0.8,0.1,1850,1883,1896,1.7837837837837878,3.324113265000051,3.048570687999927,137,6037,6.253029568589433,0.37037037037037035
large,la32,reference,26,25,50,150,0.8,0.1,1850,1854,1854,0.216216216216214,3.5520058479996806,3.530054735999329,149,5966,5.77109602327837,0.4830917874396135
large,la32,reference,27,26,50,150,0.8,0.1,1850,1872,1872,1.1891891891891992,3.4953495709996787,3.495346009000059,150,6005,6.4891041162227605,1.0047593865679534
large,la32,reference,28,27,50,150,0.8,0.1,1850,1862,1862,0.648648648648642,3.440955307999502,3.239296638000269,141,6007,4.962779156327543,0.6403415154749199
large,la32,reference,29,28,50,150,0.8,0.1,1850,1856,1860,0.324324324324321,3.3241026269997747,2.7718073119995097,126,6096,5.612493899463153,0.6955591225254146
large,la32,reference,30,29,50,150,0.8,0.1,1850,1856,1859,0.324324324324321,3.561549682000077,3.3477478660006454,141,6025,4.745427582797825,0.7486631016042781
large,la32,smaller_population,1,0,20,150,0.8,0.1,1850,1911,1911,3.297297297297308,1.3503809590001765,1.1895493230003922,130,2299,4.71976401179941,0.05230125523012552
large,la32,smaller_population,2,1,20,150,0.8,0.1,1850,1948,1948,5.297297297297288,1.351182200999574,1.3040872100000342,145,2256,5.501930501930502,0.2560163850486431
large,la32,smaller_population,3,2,20,150,0.8,0.1,1850,1900,1900,2.7027027027026973,1.3357056830000147,0.6535140940004567,73,2295,7.84688995215311,0.0
large,la32,smaller_population,4,3,20,150,0.8,0.1,1850,1898,1898,2.5945945945945903,1.367708877000041,0.8049996899999314,88,2333,7.071665875652586,0.0
large,la32,smaller_population,5,4,20,150,0.8,0.1,1850,1899,1899,2.648648648648644,1.3368379890007418,0.3823820309999064,45,2270,6.048780487804878,0.0
large,la32,smaller_population,6,5,20,150,0.8,0.1,1850,1918,1920,3.6756756756756825,1.3663322349993905,0.49768704999951296,54,2310,5.710102489019033,0.0
large,la32,smaller_population,7,6,20,150,0.8,0.1,1850,1934,1945,4.540540540540539,1.3741473390000465,0.22964359700017667,25,2314,7.153144503120499,0.0
large,la32,smaller_population,8,7,20,150,0.8,0.1,1850,1955,1955,5.675675675675684,1.378682860000481,1.0248052520000783,110,2317,4.124211547792334,0.0
large,la32,smaller_population,9,8,20,150,0.8,0.1,1850,1899,1899,2.648648648648644,1.3525674720003735,0.7144805080006336,78,2274,4.733727810650888,0.0
large,la32,smaller_population,10,9,20,150,0.8,0.1,1850,1887,1904,2.0000000000000018,1.3792060510004376,1.1236112990000038,121,2328,4.236453201970443,0.47468354430379744
large,la32,smaller_population,11,10,20,150,0.8,0.1,1850,1928,1928,4.216216216216218,1.2465734549996341,1.2328295699999217,148,2258,6.385998107852412,0.31023784901758017
large,la32,smaller_population,12,11,20,150,0.8,0.1,1850,1902,1929,2.8108108108108043,1.1771010590000515,0.9621099129999493,125,2104,6.307173808377468,1.3996889580093312
large,la32,smaller_population,13,12,20,150,0.8,0.1,1850,1902,1902,2.8108108108108043,1.304285529000481,1.1586146310000913,134,2322,7.9604333490343855,0.05254860746190226
large,la32,smaller_population,14,13,20,150,0.8,0.1,1850,1951,1951,5.45945945945947,1.216983485000128,1.150193579000188,141,2189,3.5402521823472357,0.6113092205807438
large,la32,smaller_population,15,14,20,150,0.8,0.1,1850,1943,1958,5.02702702702702,1.365646328999901,0.6214833419999195,69,2331,3.625673689367957,0.0
large,la32,smaller_population,16,15,20,150,0.8,0.1,1850,1905,1905,2.972972972972965,1.3850799000001643,1.2053064510000695,129,2290,5.67237163814181,0.7295466388744137
large,la32,smaller_population,17,16,20,150,0.8,0.1,1850,1950,1978,5.405405405405395,1.3767632819999562,0.7768405580000035,85,2342,3.812741312741313,0.0
large,la32,smaller_population,18,17,20,150,0.8,0.1,1850,1973,1990,6.648648648648647,1.3443738260002647,0.5119702100000723,58,2295,4.354136429608127,0.0
large,la32,smaller_population,19,18,20,150,0.8,0.1,1850,1941,1943,4.918918918918913,1.2260267460005707,0.44662294200043107,53,2257,3.957010258915486,0.0
large,la32,smaller_population,20,19,20,150,0.8,0.1,1850,1901,1901,2.756756756756751,1.2160787420007182,1.054741775000366,130,2237,4.822211397954213,0.2623294858342078
large,la32,smaller_population,21,20,20,150,0.8,0.1,1850,1900,1902,2.7027027027026973,1.3845504130003974,0.8227368679999927,88,2371,6.834706737760543,0.0
large,la32,smaller_population,22,21,20,150,0.8,0.1,1850,1927,1939,4.162162162162164,1.2984061690003728,0.9348688469999615,110,2205,5.380513814832768,0.0
large,la32,smaller_population,23,22,20,150,0.8,0.1,1850,1943,1945,5.02702702702702,1.31598268200014,0.538778361000368,63,2219,0.8937437934458788,0.0
large,la32,smaller_population,24,23,20,150,0.8,0.1,1850,1890,1908,2.1621621621621623,1.3162294290004866,0.35969726700022875,39,2312,7.22543352601156,0.0
large,la32,smaller_population,25,24,20,150,0.8,0.1,1850,1955,1977,5.675675675675684,1.23646619200008,0.490076856000087,59,2262,4.217159476490548,0.0
large,la32,smaller_population,26,25,20,150,0.8,0.1,1850,1951,1951,5.45945945945947,1.3160438240001895,0.6862333489998491,78,2276,4.632282712511939,0.0
large,la32,smaller_population,27,26,20,150,0.8,0.1,1850,1894,1894,2.3783783783783763,1.3834614930001408,1.0780760979996558,117,2325,5.181598062953995,0.3157894736842105
large,la32,smaller_population,28,27,20,150,0.8,0.1,1850,1943,1954,5.02702702702702,1.3431831919997421,0.6439222649996736,72,2235,4.007820136852395,0.0
large,la32,smaller_population,29,28,20,150,0.8,0.1,1850,1934,1948,4.540540540540539,1.4081809960007377,1.1148522700004833,120,2328,6.06501698204755,0.10330578512396695
large,la32,smaller_population,30,29,20,150,0.8,0.1,1850,1913,1913,3.405405405405415,1.3689701230005085,0.8673928200005321,92,2250,5.136986301369863,0.0
large,la32,lower_mutation,1,0,50,150,0.8,0.05,1850,1850,1850,0.0,3.305371990000822,1.940827719000481,85,5924,6.735496558505408,0.0
large,la32,lower_mutation,2,1,50,150,0.8,0.05,1850,1880,1891,1.6216216216216273,3.370355613999891,2.523947942000632,113,5868,5.643564356435643,0.0531632110579479
large,la32,lower_mutation,3,2,50,150,0.8,0.05,1850,1869,1872,1.0270270270270165,3.5462218799993934,3.481114721999802,147,6029,6.25,1.3199577613516367
large,la32,lower_mutation,4,3,50,150,0.8,0.05,1850,1850,1850,0.0,3.499183932000051,3.362218281999958,144,6011,6.634146341463414,0.9635974304068522
large,la32,lower_mutation,5,4,50,150,0.8,0.05,1850,1851,1855,0.0540540540540535,3.2535333239993633,3.2043001779993574,148,5968,4.926829268292683,0.7506702412868632
large,la32,lower_mutation,6,5,50,150,0.8,0.05,1850,1872,1874,1.1891891891891992,3.431705394999881,3.2188431159993343,141,6060,6.539775500244022,0.4784688995215311
large,la32,lower_mutation,7,6,50,150,0.8,0.05,1850,1850,1857,0.0,3.5040991989999384,3.3403561350005475,143,6019,7.12223291626564,0.8042895442359249
large,la32,lower_mutation,8,7,50,150,0.8,0.05,1850,1851,1857,0.0540540540540535,3.4601509380008793,3.391734704000555,147,5959,6.598738476467734,0.6974248927038627
large,la32,lower_mutation,9,8,50,150,0.8,0.05,1850,1850,1861,0.0,3.238524805000452,2.874800397999934,133,5876,6.607495069033531,0.21574973031283712
large,la32,lower_mutation,10,9,50,150,0.8,0.05,1850,1850,1863,0.0,3.392189339999277,3.1040327809996597,138,5939,5.566502463054187,0.4841312533620226
large,la32,lower_mutation,11,10,50,150,0.8,0.05,1850,1856,1870,0.324324324324321,3.659458748000361,3.31886099500025,136,6005,7.16374269005848,0.3757380568974772
large,la32,lower_mutation,12,11,50,150,0.8,0.05,1850,1850,1863,0.0,3.508331510000062,2.7242603300001065,114,6000,4.339152119700748,0.8042895442359249
large,la32,lower_mutation,13,12,50,150,0.8,0.05,1850,1855,1869,0.2702702702702675,3.3921023829998376,2.7117017059999853,120,5913,6.495395055744062,0.32240730789897903
large,la32,lower_mutation,14,13,50,150,0.8,0.05,1850,1890,1894,2.1621621621621623,3.53256783300003,2.7178346629998487,115,5994,5.383123181377304,0.10570824524312897
large,la32,lower_mutation,15,14,50,150,0.8,0.05,1850,1850,1857,0.0,3.2899519509992388,3.0447251489995324,139,6030,6.418422341989221,0.4841312533620226
large,la32,lower_mutation,16,15,50,150,0.8,0.05,1850,1864,1883,0.756756756756749,3.307250725999438,3.2211061349999,146,5956,5.574572127139365,1.1664899257688228
large,la32,lower_mutation,17,16,50,150,0.8,0.05,1850,1850,1851,0.0,3.3264991610003563,3.2793951789999483,148,6009,6.8646543330087635,0.857449088960343
large,la32,lower_mutation,18,17,50,150,0.8,0.05,1850,1851,1860,0.0540540540540535,3.4585639130000345,3.3900030710001374,147,5860,7.205452775073028,0.4838709677419355
large,la32,lower_mutation,19,18,50,150,0.8,0.05,1850,1880,1901,1.6216216216216273,3.301029039000241,3.0971442589998333,132,5528,4.445530043966781,1.1566771819137749
large,la32,lower_mutation,20,19,50,150,0.8,0.05,1850,1854,1865,0.216216216216214,3.4328467589994034,2.8885185409999394,127,6009,7.111544081831466,0.10775862068965517
large,la32,lower_mutation,21,20,50,150,0.8,0.05,1850,1863,1864,0.7027027027026955,3.4181911160003438,3.288155767000717,144,5885,4.7076313181367695,0.0536480686695279
large,la32,lower_mutation,22,21,50,150,0.8,0.05,1850,1854,1875,0.216216216216214,3.32815809099975,3.200102116999915,144,5919,6.883179835191469,1.7488076311605723
large,la32,lower_mutation,23,22,50,150,0.8,0.05,1850,1852,1874,0.108108108108107,3.4477897749993645,3.2481417729995883,141,6044,3.426017874875869,1.279317697228145
large,la32,lower_mutation,24,23,50,150,0.8,0.05,1850,1856,1856,0.324324324324321,3.2594502780002585,3.2399644679999255,149,5961,5.919765166340508,1.1714589989350372
large,la32,lower_mutation,25,24,50,150,0.8,0.05,1850,1863,1865,0.7027027027026955,3.1649589339995146,2.821175960999426,133,5909,6.98012603005332,0.6929637526652452
large,la32,lower_mutation,26,25,50,150,0.8,0.05,1850,1862,1868,0.648648648648642,3.477224674000354,2.973074307999923,128,5916,6.838021338506304,0.2678093197643278
large,la32,lower_mutation,27,26,50,150,0.8,0.05,1850,1872,1887,1.1891891891891992,3.4141080889994555,3.2755263680001008,144,5970,5.714285714285714,0.7423117709437964
large,la32,lower_mutation,28,27,50,150,0.8,0.05,1850,1879,1886,1.5675675675675738,3.5005302429999574,3.3642081099997085,144,5886,4.66501240694789,0.4766949152542373
large,la32,lower_mutation,29,28,50,150,0.8,0.05,1850,1858,1880,0.432432432432428,3.3212482640001326,2.8816172150000057,130,5979,5.222059541239629,0.2683843263553409
large,la32,lower_mutation,30,29,50,150,0.8,0.05,1850,1853,1853,0.1621621621621605,3.4472772039998745,2.7668852209999386,120,5908,5.7834898665348495,0.42987641053197206
