generation,generation_best,generation_mean,best_so_far,elapsed_seconds
0,1034,1178.56,1034,0.004913830999612401
1,1076,1173.44,1034,0.008836107999741216
2,1050,1159.42,1034,0.01284032199964713
3,1071,1146.66,1034,0.01724709499922028
4,1064,1150.98,1034,0.021640805000060936
5,1024,1139.36,1024,0.026072514999214036
6,1013,1146.48,1013,0.031080157999895164
7,1021,1130.44,1013,0.03509624599973904
8,1054,1126.92,1013,0.039166959999420214
9,1061,1127.72,1013,0.04341460899922822
10,1044,1124.68,1013,0.04789738099952956
11,1044,1115.06,1013,0.05208803099958459
12,1038,1128.7,1013,0.056435428999975557
13,1024,1112.08,1013,0.06025320799926703
14,1019,1108.06,1013,0.06431560900000477
15,1024,1108.46,1013,0.06828419799967378
16,1024,1099.78,1013,0.07279546999961894
17,1008,1091.78,1008,0.07674743400002626
18,1016,1097.94,1008,0.08050821300003008
19,999,1086.5,999,0.08532110699979967
20,999,1078.28,999,0.08914957299930393
21,987,1071.16,987,0.09291391399983695
22,987,1067.68,987,0.09734562399989954
23,993,1073.9,987,0.10132727599921054
24,1009,1066.74,987,0.10522698999920976
25,998,1063.18,987,0.10918132999995578
26,987,1062.0,987,0.11381966299995838
27,987,1071.3,987,0.11811362499975075
28,987,1067.14,987,0.12200858899996092
29,987,1079.62,987,0.12606149099974573
30,987,1073.2,987,0.12929383599930588
31,1003,1065.72,987,0.13335148699934507
32,1003,1063.02,987,0.13655889599976945
33,998,1070.68,987,0.14125185400007467
34,1009,1078.1,987,0.1452133180000601
35,1003,1060.88,987,0.14936715599924355
36,1004,1060.96,987,0.1542762369999764
37,1003,1059.86,987,0.15849657399940043
38,995,1056.58,987,0.1630078459993456
39,995,1047.56,987,0.1672554950000631
40,1003,1052.02,987,0.17102102399985597
41,1003,1042.92,987,0.1758137299993905
42,1003,1044.44,987,0.179840506999426
43,1003,1042.24,987,0.18445390299984865
44,1003,1037.7,987,0.18937842099967384
45,995,1027.0,987,0.19317007399968134
46,995,1030.96,987,0.19703891399967688
47,995,1028.52,987,0.20148487400001613
48,995,1026.62,987,0.20604008299960697
49,995,1024.66,987,0.20961561399963102
50,995,1021.4,987,0.21365307699943514
51,995,1015.26,987,0.21795297599965124
52,995,1019.78,987,0.22197143999983382
53,995,1014.52,987,0.2261668399996779
54,995,1017.38,987,0.2305130509994342
55,995,1021.16,987,0.2350397599993812
56,995,1013.12,987,0.23881716399955621
57,995,1012.18,987,0.24332724799933203
58,995,1013.86,987,0.24756777199945645
59,995,1012.88,987,0.2516396729997723
60,995,1012.98,987,0.25583269799972186
61,995,1009.62,987,0.2596397889992659
62,995,1010.26,987,0.26392068799941626
63,995,1009.56,987,0.268085212999722
64,995,1009.86,987,0.27251217299999553
65,995,1002.88,987,0.27672419699956663
66,995,1002.54,987,0.28055028799917636
67,995,1000.08,987,0.28482999999960157
68,995,1008.12,987,0.28903252399959456
69,995,1007.36,987,0.2932694859991898
70,995,1000.72,987,0.2967547669995838
71,995,1002.34,987,0.3007364189998043
72,993,1002.06,987,0.3045541969995611
73,993,1004.56,987,0.3093575909997526
74,993,1006.56,987,0.31420135999997
75,992,1001.34,987,0.3188634429998274
76,993,1000.46,987,0.32270259599954443
77,992,1000.6,987,0.3268588089995319
78,992,1001.38,987,0.33103283399941574
79,992,1010.54,987,0.33557616799953394
80,992,1010.44,987,0.34003993999976956
81,992,1011.34,987,0.344338651999351
82,992,1008.66,987,0.348057868000069
83,992,1006.98,987,0.352629701999831
84,992,1017.68,987,0.3575732199997219
85,992,1014.42,987,0.3612674989999505
86,992,1013.14,987,0.3655673979992571
87,956,1011.54,956,0.36990054699981556
88,956,998.28,956,0.37327301599998464
89,992,1020.86,956,0.3774209159992097
90,992,1006.32,956,0.3817267529993842
91,992,1003.54,956,0.3860563389998788
92,992,1002.56,956,0.3906210479999572
93,992,1008.58,956,0.39434620199972414
94,992,1023.7,956,0.39881709899964335
95,992,1016.24,956,0.4034174329999587
96,992,1001.48,956,0.4077790809997168
97,992,999.8,956,0.4119186689995331
98,992,1000.38,956,0.41628981699977885
99,992,999.78,956,0.4202014069996949
100,992,1006.1,956,0.42412249599965435
101,992,997.62,956,0.42876320499999565
102,992,1004.66,956,0.4333279129996299
103,992,1002.42,956,0.43760406199999125
104,992,1002.76,956,0.44129952899947966
105,992,1001.1,956,0.44553767899924424
106,992,1003.94,956,0.4492913320000298
107,992,1002.64,956,0.45326704699982656
108,992,1004.76,956,0.4578388800000539
109,992,1004.52,956,0.46159134699973947
110,956,1006.52,956,0.46618099299939786
111,992,1009.7,956,0.4704666419993373
112,992,1010.48,956,0.4744708559992432
113,992,1008.38,956,0.4781449479996809
114,992,1005.5,956,0.48217766099969595
115,992,1008.98,956,0.48703567999928055
116,956,1002.12,956,0.4915053899994746
117,956,1003.84,956,0.4952721059999021
118,956,1007.38,956,0.49913144599941006
119,956,1000.0,956,0.5028281009999773
120,992,997.62,956,0.5069641259997297
121,992,997.44,956,0.5110574020000058
122,992,1000.48,956,0.5149143669996192
123,992,1007.0,956,0.5193745769993257
124,992,1006.14,956,0.52347616499992
125,992,1007.36,956,0.528249871999833
126,992,1005.38,956,0.532547395999245
127,992,1004.1,956,0.5365765469996404
128,992,1004.72,956,0.5407576969992078
129,956,1005.66,956,0.545244031999573
130,992,1000.44,956,0.5486117509999531
131,992,1005.0,956,0.5519034720000491
132,992,999.08,956,0.556203369999821
133,992,1005.98,956,0.5604581449997568
134,992,1001.1,956,0.5640324870000768
135,992,1010.66,956,0.5680984509999689
136,992,1004.36,956,0.5719459160000042
137,992,1005.32,956,0.5760629419992256
138,956,1007.02,956,0.5801811549999911
139,992,1008.74,956,0.5847304259996235
140,992,1002.22,956,0.5890457619998415
141,992,999.44,956,0.5933599109994248
142,992,999.52,956,0.5979329319998214
143,992,1001.14,956,0.6020273959993574
144,992,1007.34,956,0.6062109199992847
145,992,1003.52,956,0.6111140639995938
146,992,1001.92,956,0.6143903469992438
147,992,1010.8,956,0.6184004979995734
148,989,1011.2,956,0.6227621469997757
149,992,997.74,956,0.6265917999999147
150,992,1004.54,956,0.63085251099983
